date,ppm,day
1958-03-29,316.19,0
1958-04-05,317.31,7
1958-04-12,317.69,14
1958-04-19,317.58,21
1958-04-26,316.48,28
1958-05-03,316.95,35
1958-05-17,317.56,49
1958-05-24,317.99,56
1958-07-05,315.85,98
1958-07-12,315.85,105
1958-07-19,315.46,112
1958-07-26,315.59,119
1958-08-02,315.64,126
1958-08-09,315.1,133
1958-08-16,315.09,140
1958-08-30,314.14,154
1958-09-06,313.54,161
1958-11-08,313.05,224
1958-11-15,313.26,231
1958-11-22,313.57,238
1958-11-29,314.01,245
1958-12-06,314.56,252
1958-12-13,314.41,259
1958-12-20,314.77,266
1958-12-27,315.21,273
1959-01-03,315.24,280
1959-01-10,315.5,287
1959-01-17,315.69,294
1959-01-24,315.86,301
1959-01-31,315.42,308
1959-02-14,316.94,322
1959-02-21,316.61,329
1959-02-28,316.62,336
1959-03-07,316.81,343
1959-03-21,316.73,357
1959-03-28,316.71,364
1959-04-04,317.72,371
1959-04-11,317.12,378
1959-04-18,317.64,385
1959-04-25,318.32,392
1959-05-02,318.27,399
1959-05-09,318.78,406
1959-05-16,318.05,413
1959-05-23,318.43,420
1959-06-06,318.53,434
1959-06-13,318.14,441
1959-06-20,317.88,448
1959-06-27,317.76,455
1959-07-04,316.86,462
1959-07-11,316.83,469
1959-07-18,316.45,476
1959-07-25,316.16,483
1959-08-01,315.62,490
1959-08-08,314.91,497
1959-08-22,315,511
1959-08-29,314.15,518
1959-09-05,314.45,525
1959-09-12,313.93,532
1959-09-19,313.57,539
1959-09-26,313.54,546
1959-10-03,313.04,553
1959-10-10,313.15,560
1959-10-17,313.43,567
1959-10-24,313.46,574
1959-10-31,314.12,581
1959-11-07,314.42,588
1959-11-14,314.88,595
1959-11-21,315.2,602
1959-11-28,315.11,609
1959-12-05,315.06,616
1959-12-12,315.64,623
1959-12-19,315.86,630
1959-12-26,315.77,637
1960-01-02,315.72,644
1960-01-09,316.4,651
1960-01-16,316.73,658
1960-01-23,316.57,665
1960-01-30,316.68,672
1960-02-06,316.61,679
1960-02-13,316.98,686
1960-02-20,317.42,693
1960-02-27,317,700
1960-03-05,316.96,707
1960-03-12,317.76,714
1960-03-19,318.07,721
1960-03-26,317.77,728
1960-04-02,318.61,735
1960-04-09,319.34,742
1960-04-16,319.01,749
1960-04-23,319.03,756
1960-04-30,319.77,763
1960-05-07,319.96,770
1960-05-14,319.82,777
1960-05-21,320.04,784
1960-05-28,320.06,791
1960-06-04,319.46,798
1960-06-11,320.08,805
1960-06-18,319.42,812
1960-06-25,319.09,819
1960-07-02,318.18,826
1960-07-09,318.64,833
1960-07-16,318.41,840
1960-07-23,317.91,847
1960-07-30,317.33,854
1960-08-06,316.62,861
1960-08-13,316.7,868
1960-08-20,315.1,875
1960-08-27,314.78,882
1960-09-03,314.72,889
1960-09-10,314.58,896
1960-09-17,314.28,903
1960-09-24,313.33,910
1960-10-01,313.66,917
1960-10-08,313.32,924
1960-10-15,313.92,931
1960-10-22,314.21,938
1960-10-29,314.29,945
1960-11-05,314.5,952
1960-11-12,315.1,959
1960-11-19,315.1,966
1960-11-26,315.41,973
1960-12-03,315.84,980
1960-12-10,316.07,987
1960-12-17,316.21,994
1960-12-24,316.4,1001
1960-12-31,316.67,1008
1961-01-07,316.73,1015
1961-01-14,317.02,1022
1961-01-21,317.03,1029
1961-01-28,317.01,1036
1961-02-04,317.06,1043
1961-02-11,317.75,1050
1961-02-18,317.94,1057
1961-02-25,318,1064
1961-03-04,318.04,1071
1961-03-11,318.51,1078
1961-03-18,318.92,1085
1961-03-25,318.71,1092
1961-04-01,319.41,1099
1961-04-08,319.55,1106
1961-04-15,318.9,1113
1961-04-22,319.74,1120
1961-04-29,319.67,1127
1961-05-06,320.67,1134
1961-05-13,320.46,1141
1961-05-20,320.61,1148
1961-05-27,320.36,1155
1961-06-03,320.09,1162
1961-06-10,320.02,1169
1961-06-17,319.62,1176
1961-06-24,319.49,1183
1961-07-01,319.26,1190
1961-07-08,319.07,1197
1961-07-15,318.49,1204
1961-07-22,317.16,1211
1961-07-29,317.97,1218
1961-08-05,317.91,1225
1961-08-12,317.33,1232
1961-08-19,316.76,1239
1961-08-26,315.26,1246
1961-09-02,315.28,1253
1961-09-09,314.97,1260
1961-09-16,314.53,1267
1961-09-23,315.06,1274
1961-09-30,315.61,1281
1961-10-07,314.97,1288
1961-10-14,315.43,1295
1961-10-21,315.48,1302
1961-10-28,315.72,1309
1961-11-04,315.82,1316
1961-11-11,315.7,1323
1961-11-18,316.21,1330
1961-11-25,316.55,1337
1961-12-02,316.52,1344
1961-12-09,317.02,1351
1961-12-16,316.94,1358
1961-12-23,317.18,1365
1961-12-30,317.46,1372
1962-01-06,317.99,1379
1962-01-13,318.12,1386
1962-01-20,318.07,1393
1962-01-27,317.78,1400
1962-02-03,318.08,1407
1962-02-10,318.35,1414
1962-02-17,318.92,1421
1962-02-24,319.38,1428
1962-03-03,319.28,1435
1962-03-10,319.46,1442
1962-03-17,319.95,1449
1962-03-24,319.78,1456
1962-03-31,320.27,1463
1962-04-07,320.26,1470
1962-04-14,321.03,1477
1962-04-21,320.78,1484
1962-04-28,320.36,1491
1962-05-05,320.89,1498
1962-05-12,320.78,1505
1962-05-19,321.05,1512
1962-05-26,321.16,1519
1962-06-02,320.91,1526
1962-06-09,320.87,1533
1962-06-16,320.52,1540
1962-06-23,320.15,1547
1962-06-30,320.23,1554
1962-07-07,320.1,1561
1962-07-14,319.95,1568
1962-07-21,319.01,1575
1962-07-28,318.75,1582
1962-08-04,318.68,1589
1962-08-11,317.24,1596
1962-08-18,317.48,1603
1962-09-15,316.65,1631
1962-09-22,315.72,1638
1962-09-29,315.92,1645
1962-10-06,315.1,1652
1962-10-13,315.4,1659
1962-10-20,315.72,1666
1962-10-27,315.78,1673
1962-11-03,315.94,1680
1962-11-10,316.49,1687
1962-11-17,316.92,1694
1962-11-24,317.08,1701
1962-12-01,317.19,1708
1962-12-08,317.31,1715
1962-12-15,317.66,1722
1962-12-22,318.18,1729
1963-01-05,318.54,1743
1963-01-12,318.73,1750
1963-01-19,318.9,1757
1963-01-26,318.82,1764
1963-02-02,318.77,1771
1963-02-09,318.95,1778
1963-02-23,319.37,1792
1963-03-02,319.35,1799
1963-03-09,319.7,1806
1963-03-16,319.8,1813
1963-03-23,320.34,1820
1963-03-30,320.29,1827
1963-04-06,320.38,1834
1963-04-13,320.96,1841
1963-04-20,322.05,1848
1963-04-27,321.92,1855
1963-05-11,321.97,1869
1963-05-18,322.28,1876
1963-05-25,322.27,1883
1963-06-01,322.32,1890
1963-06-08,322.09,1897
1963-06-15,321.83,1904
1963-06-22,320.88,1911
1963-06-29,320.49,1918
1963-07-06,320.12,1925
1963-07-13,319.82,1932
1963-07-20,319.56,1939
1963-07-27,319.06,1946
1963-08-03,318.6,1953
1963-08-10,318.27,1960
1963-08-17,317.73,1967
1963-08-24,317.12,1974
1963-08-31,316.44,1981
1963-09-07,316.81,1988
1963-09-14,315.99,1995
1963-09-21,316.03,2002
1963-09-28,315.93,2009
1963-10-05,316.28,2016
1963-10-12,315.65,2023
1963-10-19,316.14,2030
1963-10-26,316.36,2037
1963-11-02,316.63,2044
1963-11-09,316.83,2051
1963-11-16,317.13,2058
1963-11-30,317.56,2072
1963-12-07,318.07,2079
1963-12-14,318.27,2086
1963-12-21,318.59,2093
1963-12-28,318.74,2100
1964-01-04,319.04,2107
1964-01-11,319.49,2114
1964-01-18,319.88,2121
1964-05-30,322.07,2254
1964-06-06,322.06,2261
1964-06-27,321.57,2282
1964-07-04,321.14,2289
1964-07-11,319.95,2296
1964-07-18,320.28,2303
1964-07-25,320.02,2310
1964-08-01,319.14,2317
1964-08-15,318.61,2331
1964-08-22,318.23,2338
1964-08-29,318.11,2345
1964-09-05,317.48,2352
1964-09-12,316.57,2359
1964-09-19,315.59,2366
1964-09-26,317.01,2373
1964-10-03,316.93,2380
1964-10-10,316.51,2387
1964-10-17,316.86,2394
1964-10-24,317.05,2401
1964-10-31,317.65,2408
1964-11-07,317.77,2415
1964-11-14,317.65,2422
1964-11-21,317.52,2429
1964-11-28,318.11,2436
1964-12-05,318.42,2443
1964-12-12,318.58,2450
1964-12-19,318.93,2457
1964-12-26,318.91,2464
1965-01-02,319.08,2471
1965-01-09,319.17,2478
1965-01-16,319.16,2485
1965-01-23,319.79,2492
1965-01-30,320.12,2499
1965-02-06,320.2,2506
1965-02-13,320.16,2513
1965-02-20,320.7,2520
1965-02-27,320.89,2527
1965-03-06,321.07,2534
1965-03-13,320.98,2541
1965-03-20,320.49,2548
1965-03-27,321.4,2555
1965-04-03,321.95,2562
1965-04-10,322.27,2569
1965-04-17,322.17,2576
1965-04-24,321.86,2583
1965-05-01,322.46,2590
1965-05-08,322.22,2597
1965-05-15,321.94,2604
1965-05-22,321.69,2611
1965-05-29,322.26,2618
1965-06-05,321.87,2625
1965-06-12,321.77,2632
1965-06-19,321.77,2639
1965-06-26,321.99,2646
1965-07-03,321.97,2653
1965-07-10,321.85,2660
1965-07-17,321.76,2667
1965-07-24,320.47,2674
1965-07-31,319.49,2681
1965-08-07,319.47,2688
1965-08-14,318.02,2695
1965-08-21,318.82,2702
1965-08-28,318.73,2709
1965-09-04,318.39,2716
1965-09-11,318.05,2723
1965-09-18,318.26,2730
1965-09-25,316.85,2737
1965-10-02,316.6,2744
1965-10-09,317.26,2751
1965-10-16,317.86,2758
1965-10-23,317.56,2765
1965-10-30,317.63,2772
1965-11-06,318.3,2779
1965-11-13,319.26,2786
1965-11-20,318.99,2793
1965-11-27,319.17,2800
1965-12-04,319.09,2807
1965-12-11,319.37,2814
1965-12-18,319.39,2821
1965-12-25,319.7,2828
1966-01-01,319.69,2835
1966-01-08,320.49,2842
1966-01-15,320.63,2849
1966-01-22,321.09,2856
1966-01-29,321.16,2863
1966-02-05,321.26,2870
1966-02-12,321.75,2877
1966-02-19,321.67,2884
1966-02-26,321.8,2891
1966-03-05,322.1,2898
1966-03-12,322.14,2905
1966-03-19,322.57,2912
1966-03-26,322.86,2919
1966-04-02,323.55,2926
1966-04-09,323.62,2933
1966-04-16,323.88,2940
1966-04-23,323.91,2947
1966-04-30,323.53,2954
1966-05-07,324,2961
1966-05-14,324.1,2968
1966-05-21,323.72,2975
1966-05-28,324.31,2982
1966-06-04,324.02,2989
1966-06-11,323.88,2996
1966-06-18,323.75,3003
1966-06-25,323.32,3010
1966-07-02,322.82,3017
1966-07-09,322.9,3024
1966-08-06,321.31,3052
1966-08-13,320.85,3059
1966-08-20,319.16,3066
1966-08-27,319.64,3073
1966-09-03,319.94,3080
1966-09-10,318.22,3087
1966-09-17,318.46,3094
1966-09-24,318.31,3101
1966-10-01,317.9,3108
1966-10-08,317.9,3115
1966-10-15,318.21,3122
1966-10-22,318.61,3129
1966-10-29,318.39,3136
1966-11-12,319.59,3150
1966-11-19,320.03,3157
1966-11-26,320.24,3164
1966-12-03,320.8,3171
1966-12-10,320.87,3178
1966-12-17,321.16,3185
1966-12-24,321.31,3192
1966-12-31,321.37,3199
1967-01-07,321.92,3206
1967-01-14,322.93,3213
1967-02-04,322.19,3234
1967-02-11,322.23,3241
1967-02-18,322.86,3248
1967-02-25,322.6,3255
1967-03-04,322.94,3262
1967-03-11,322.6,3269
1967-03-18,323.33,3276
1967-03-25,323.24,3283
1967-04-01,323.15,3290
1967-04-08,324.21,3297
1967-04-15,324.41,3304
1967-04-22,324.6,3311
1967-04-29,325.16,3318
1967-05-06,325.26,3325
1967-05-13,324.78,3332
1967-05-20,325.09,3339
1967-05-27,324.94,3346
1967-06-03,324.95,3353
1967-06-10,324.65,3360
1967-06-17,323.31,3367
1967-06-24,323.5,3374
1967-07-01,322.89,3381
1967-07-08,322.85,3388
1967-07-15,322.45,3395
1967-07-22,322.4,3402
1967-07-29,322.04,3409
1967-08-05,321.65,3416
1967-08-12,321.4,3423
1967-08-19,320.48,3430
1967-08-26,320.01,3437
1967-09-02,320.07,3444
1967-09-09,319.43,3451
1967-09-16,319.35,3458
1967-09-23,319.03,3465
1967-09-30,318.81,3472
1967-10-07,318.88,3479
1967-10-14,319.86,3486
1967-10-21,319.47,3493
1967-10-28,319.86,3500
1967-11-04,320.01,3507
1967-11-11,320.34,3514
1967-11-18,320.91,3521
1967-11-25,321.54,3528
1967-12-02,321.4,3535
1967-12-09,321.89,3542
1967-12-16,322.29,3549
1967-12-23,321.98,3556
1967-12-30,322.3,3563
1968-01-06,322.46,3570
1968-01-13,322.5,3577
1968-01-20,322.59,3584
1968-01-27,322.83,3591
1968-02-03,322.66,3598
1968-02-10,323.17,3605
1968-02-17,323.46,3612
1968-02-24,323.18,3619
1968-03-02,323.15,3626
1968-03-09,323.85,3633
1968-03-16,323.85,3640
1968-03-23,324.21,3647
1968-03-30,324.77,3654
1968-04-06,324.79,3661
1968-04-13,325.04,3668
1968-04-20,324.84,3675
1968-04-27,325.45,3682
1968-05-04,325.63,3689
1968-05-11,325.09,3696
1968-05-18,325.52,3703
1968-05-25,325.86,3710
1968-06-01,325.67,3717
1968-06-08,325.71,3724
1968-06-15,325.56,3731
1968-06-22,324.99,3738
1968-06-29,324.63,3745
1968-07-06,324.7,3752
1968-07-13,324.13,3759
1968-07-20,323.94,3766
1968-07-27,323.4,3773
1968-08-03,322.49,3780
1968-08-10,322.27,3787
1968-08-17,322.02,3794
1968-08-24,321.74,3801
1968-08-31,321.42,3808
1968-09-07,320.44,3815
1968-09-14,321.18,3822
1968-09-21,319.78,3829
1968-09-28,319.89,3836
1968-10-05,320.57,3843
1968-10-12,320.52,3850
1968-10-19,320.26,3857
1968-10-26,319.92,3864
1968-11-02,320.7,3871
1968-11-09,320.89,3878
1968-11-16,321.4,3885
1968-11-23,321.78,3892
1968-11-30,322.06,3899
1968-12-07,322.44,3906
1968-12-14,322.91,3913
1968-12-21,323.33,3920
1968-12-28,323.19,3927
1969-01-04,323.39,3934
1969-01-11,324.06,3941
1969-01-18,324.36,3948
1969-01-25,324.14,3955
1969-02-01,324.16,3962
1969-02-08,323.92,3969
1969-02-15,324.37,3976
1969-02-22,324.86,3983
1969-03-01,325.14,3990
1969-03-08,325.58,3997
1969-03-15,325.72,4004
1969-03-22,325.96,4011
1969-03-29,325.89,4018
1969-04-05,326.27,4025
1969-04-12,327.13,4032
1969-04-19,326.58,4039
1969-04-26,326.57,4046
1969-05-03,327.52,4053
1969-05-10,327.82,4060
1969-05-17,326.86,4067
1969-05-24,326.92,4074
1969-05-31,327.43,4081
1969-06-07,326.51,4088
1969-06-14,326.78,4095
1969-06-21,326.73,4102
1969-06-28,326.37,4109
1969-07-05,326.16,4116
1969-07-12,326.07,4123
1969-07-19,325.72,4130
1969-07-26,325.47,4137
1969-08-02,324.5,4144
1969-08-09,324.56,4151
1969-08-16,323.14,4158
1969-08-23,322.56,4165
1969-08-30,323.14,4172
1969-09-06,322.21,4179
1969-09-13,322.79,4186
1969-09-20,322.84,4193
1969-09-27,321.96,4200
1969-10-04,321.5,4207
1969-10-11,321.82,4214
1969-10-18,322,4221
1969-10-25,321.93,4228
1969-11-01,322.21,4235
1969-11-08,322.64,4242
1969-11-15,322.78,4249
1969-11-22,323.1,4256
1969-11-29,323.52,4263
1969-12-06,323.91,4270
1969-12-13,323.99,4277
1969-12-20,324.22,4284
1969-12-27,324.5,4291
1970-01-03,324.7,4298
1970-01-10,325.4,4305
1970-01-17,325.05,4312
1970-01-24,324.8,4319
1970-01-31,325.55,4326
1970-02-07,325.7,4333
1970-02-14,326.02,4340
1970-02-21,326.32,4347
1970-02-28,326.17,4354
1970-03-07,326.85,4361
1970-03-14,326.8,4368
1970-03-21,327.51,4375
1970-03-28,326.95,4382
1970-04-04,328.2,4389
1970-04-11,327.84,4396
1970-04-18,327.81,4403
1970-04-25,328.55,4410
1970-05-02,327.99,4417
1970-05-09,327.56,4424
1970-05-16,328.03,4431
1970-05-23,328.33,4438
1970-05-30,327.98,4445
1970-06-06,327.55,4452
1970-06-13,327.86,4459
1970-06-20,327.71,4466
1970-06-27,327.23,4473
1970-07-04,327.29,4480
1970-07-11,326.24,4487
1970-07-18,326.28,4494
1970-07-25,325.63,4501
1970-08-01,325.24,4508
1970-08-08,325.21,4515
1970-08-15,324.86,4522
1970-08-22,324.84,4529
1970-08-29,323.33,4536
1970-09-05,322.97,4543
1970-09-12,323.58,4550
1970-09-19,323.18,4557
1970-09-26,323.15,4564
1970-10-03,323.21,4571
1970-10-10,323.56,4578
1970-10-17,322.92,4585
1970-10-24,323.02,4592
1970-10-31,323.18,4599
1970-11-07,323.69,4606
1970-11-14,323.76,4613
1970-11-21,324.23,4620
1970-11-28,324.71,4627
1970-12-05,324.73,4634
1970-12-12,325,4641
1970-12-19,325.29,4648
1970-12-26,325.58,4655
1971-01-02,325.77,4662
1971-01-09,325.89,4669
1971-01-16,325.9,4676
1971-01-23,326.72,4683
1971-01-30,326.68,4690
1971-02-06,326.55,4697
1971-02-13,326.49,4704
1971-02-20,326.79,4711
1971-02-27,327.05,4718
1971-03-06,327.15,4725
1971-03-13,327.34,4732
1971-03-20,327.08,4739
1971-03-27,327.45,4746
1971-04-03,327.44,4753
1971-04-10,327.1,4760
1971-04-17,327.71,4767
1971-04-24,328.56,4774
1971-05-01,328.2,4781
1971-05-08,329.07,4788
1971-05-15,329.28,4795
1971-05-22,328.92,4802
1971-05-29,328.81,4809
1971-06-05,328.56,4816
1971-06-12,328.8,4823
1971-06-19,328.18,4830
1971-06-26,328.52,4837
1971-07-03,327.92,4844
1971-07-10,327.88,4851
1971-07-17,327.55,4858
1971-07-24,326.21,4865
1971-07-31,326.74,4872
1971-08-07,326.12,4879
1971-08-14,325.61,4886
1971-08-21,325.39,4893
1971-08-28,324.04,4900
1971-09-04,323.65,4907
1971-09-11,323.51,4914
1971-09-18,323.26,4921
1971-09-25,323.3,4928
1971-10-02,323.32,4935
1971-10-09,322.95,4942
1971-10-16,323.52,4949
1971-10-23,323.69,4956
1971-10-30,324.4,4963
1971-11-06,324.36,4970
1971-11-13,324.53,4977
1971-11-20,325.04,4984
1971-11-27,325.51,4991
1971-12-04,325.38,4998
1971-12-11,325.93,5005
1971-12-18,326.28,5012
1971-12-25,326.35,5019
1972-01-01,326.61,5026
1972-01-08,326.67,5033
1972-01-15,326.62,5040
1972-01-22,326.68,5047
1972-01-29,327.24,5054
1972-02-05,327.4,5061
1972-02-12,327.95,5068
1972-02-19,327.83,5075
1972-02-26,327.42,5082
1972-03-04,327.58,5089
1972-03-11,327.16,5096
1972-03-18,327.78,5103
1972-03-25,328.62,5110
1972-04-01,328.97,5117
1972-04-08,329.47,5124
1972-04-15,329.83,5131
1972-04-22,330.13,5138
1972-04-29,330.02,5145
1972-05-06,330.04,5152
1972-05-13,329.75,5159
1972-05-20,330.11,5166
1972-05-27,330.21,5173
1972-06-03,329.71,5180
1972-06-10,329.15,5187
1972-06-17,329.04,5194
1972-06-24,328.52,5201
1972-07-01,328.63,5208
1972-07-08,328.3,5215
1972-07-15,327.72,5222
1972-07-22,328.14,5229
1972-07-29,327.51,5236
1972-08-05,326.92,5243
1972-08-12,326.66,5250
1972-08-19,326.57,5257
1972-08-26,325.05,5264
1972-09-02,325.4,5271
1972-09-09,325.77,5278
1972-09-16,324.81,5285
1972-09-23,324.26,5292
1972-09-30,324.23,5299
1972-10-07,324.88,5306
1972-10-14,325.52,5313
1972-10-21,325.11,5320
1972-10-28,325.86,5327
1972-11-04,326.32,5334
1972-11-11,326.13,5341
1972-11-18,326.44,5348
1972-11-25,326.98,5355
1972-12-02,326.94,5362
1972-12-09,327.16,5369
1972-12-16,327.6,5376
1972-12-23,327.91,5383
1972-12-30,328.26,5390
1973-01-06,328.4,5397
1973-01-13,328.44,5404
1973-01-20,328.66,5411
1973-01-27,328.86,5418
1973-02-03,329.19,5425
1973-02-10,329.53,5432
1973-02-17,329.67,5439
1973-02-24,329.7,5446
1973-03-03,329.95,5453
1973-03-10,330.11,5460
1973-03-17,330.55,5467
1973-03-24,330.83,5474
1973-03-31,330.68,5481
1973-04-07,331.22,5488
1973-04-14,331.1,5495
1973-04-21,331.94,5502
1973-04-28,332.16,5509
1973-05-05,332.21,5516
1973-05-12,332.35,5523
1973-05-19,332.63,5530
1973-05-26,332.58,5537
1973-06-02,332.27,5544
1973-06-09,332.58,5551
1973-06-16,332.02,5558
1973-06-23,331.63,5565
1973-06-30,331.43,5572
1973-07-07,331.53,5579
1973-07-14,331.07,5586
1973-07-21,330.08,5593
1973-07-28,330.13,5600
1973-08-04,330.05,5607
1973-08-11,329.54,5614
1973-08-18,329.36,5621
1973-08-25,328.53,5628
1973-09-01,328.45,5635
1973-09-08,327.65,5642
1973-09-15,327.81,5649
1973-09-22,327.1,5656
1973-09-29,326.6,5663
1973-10-06,327.05,5670
1973-10-13,327.4,5677
1973-10-20,327.48,5684
1973-10-27,327.18,5691
1973-11-03,327.59,5698
1973-11-10,328.02,5705
1973-11-17,328.2,5712
1973-11-24,328.57,5719
1973-12-01,329.05,5726
1973-12-08,328.7,5733
1973-12-15,328.65,5740
1973-12-22,328.24,5747
1973-12-29,328.71,5754
1974-01-05,328.91,5761
1974-01-12,329.29,5768
1974-01-19,329.41,5775
1974-01-26,329.85,5782
1974-02-02,330.54,5789
1974-02-09,330.81,5796
1974-02-16,330.61,5803
1974-02-23,330.68,5810
1974-03-02,330.79,5817
1974-03-09,331.2,5824
1974-03-16,332.11,5831
1974-03-23,332,5838
1974-03-30,331.56,5845
1974-04-06,332.47,5852
1974-04-13,332.14,5859
1974-04-20,332.93,5866
1974-04-27,333.17,5873
1974-05-04,332.95,5880
1974-05-11,333.09,5887
1974-05-18,333.27,5894
1974-05-25,332.87,5901
1974-06-01,332.93,5908
1974-06-08,332.03,5915
1974-06-15,332.03,5922
1974-06-22,332.26,5929
1974-06-29,331.73,5936
1974-07-06,331.73,5943
1974-07-13,331.29,5950
1974-07-20,330.47,5957
1974-07-27,331.02,5964
1974-08-03,330.09,5971
1974-08-10,329.92,5978
1974-08-17,329.29,5985
1974-08-24,328.97,5992
1974-08-31,328.19,5999
1974-09-07,328.03,6006
1974-09-14,327.35,6013
1974-09-21,326.91,6020
1974-09-28,327.38,6027
1974-10-05,327.39,6034
1974-10-12,327.06,6041
1974-10-19,327.56,6048
1974-10-26,327.7,6055
1974-11-02,327.99,6062
1974-11-09,328.09,6069
1974-11-16,328.83,6076
1974-11-23,328.65,6083
1974-11-30,328.75,6090
1974-12-07,329.5,6097
1974-12-14,329.73,6104
1974-12-21,329.82,6111
1974-12-28,329.78,6118
1975-01-04,329.93,6125
1975-01-11,329.82,6132
1975-01-18,330.27,6139
1975-01-25,331.13,6146
1975-02-01,331.18,6153
1975-02-08,331.47,6160
1975-02-15,331,6167
1975-02-22,331.72,6174
1975-03-01,331.88,6181
1975-03-08,331.61,6188
1975-03-15,331.96,6195
1975-03-22,332.27,6202
1975-03-29,332.58,6209
1975-04-05,333.03,6216
1975-04-12,333.58,6223
1975-04-19,333.54,6230
1975-04-26,333.13,6237
1975-05-03,333.94,6244
1975-05-10,333.93,6251
1975-05-17,333.76,6258
1975-05-24,333.73,6265
1975-05-31,334.13,6272
1975-06-07,333.87,6279
1975-06-14,333.38,6286
1975-06-21,333.45,6293
1975-06-28,333.19,6300
1975-07-05,332.71,6307
1975-07-12,332.05,6314
1975-07-19,331.05,6321
1975-07-26,331.57,6328
1975-08-02,330.83,6335
1975-08-09,330.7,6342
1975-08-16,330.35,6349
1975-08-23,329.3,6356
1975-08-30,328.88,6363
1975-09-06,329.45,6370
1975-09-13,328.52,6377
1975-09-20,328.09,6384
1975-09-27,328.28,6391
1975-10-04,328.03,6398
1975-10-11,328.05,6405
1975-10-18,328.57,6412
1975-10-25,328.81,6419
1975-11-01,329.35,6426
1975-11-08,329.2,6433
1975-11-15,329.17,6440
1975-11-22,329.54,6447
1975-11-29,330.14,6454
1975-12-06,330.35,6461
1975-12-13,330.54,6468
1975-12-20,331.13,6475
1975-12-27,331.29,6482
1976-01-03,331.57,6489
1976-01-10,331.51,6496
1976-01-17,331.74,6503
1976-01-24,331.87,6510
1976-01-31,332.28,6517
1976-02-07,332.19,6524
1976-02-14,332.52,6531
1976-02-21,333.26,6538
1976-02-28,332.48,6545
1976-03-06,332.81,6552
1976-03-13,333.6,6559
1976-03-20,333.14,6566
1976-03-27,334.39,6573
1976-04-03,334.73,6580
1976-04-10,334.26,6587
1976-04-17,334.42,6594
1976-04-24,334.54,6601
1976-05-01,334.74,6608
1976-05-08,334.33,6615
1976-05-15,334.6,6622
1976-05-22,335.43,6629
1976-05-29,334.87,6636
1976-06-05,334.36,6643
1976-06-12,334.63,6650
1976-06-19,334.32,6657
1976-07-03,333.66,6671
1976-07-10,333.42,6678
1976-07-17,332.85,6685
1976-07-24,332.47,6692
1976-07-31,332.13,6699
1976-08-07,331.72,6706
1976-08-14,330.65,6713
1976-08-21,330.69,6720
1976-08-28,330.09,6727
1976-09-04,329.75,6734
1976-09-11,330.09,6741
1976-09-18,329.33,6748
1976-09-25,328.42,6755
1976-10-02,328.85,6762
1976-10-09,329.06,6769
1976-10-16,329.6,6776
1976-10-23,329.17,6783
1976-10-30,329.03,6790
1976-11-06,329.84,6797
1976-11-13,330.43,6804
1976-11-20,330.59,6811
1976-11-27,330.7,6818
1976-12-04,331.15,6825
1976-12-11,331.33,6832
1976-12-18,331.92,6839
1976-12-25,332.2,6846
1977-01-01,332.58,6853
1977-01-08,332.43,6860
1977-01-15,333.14,6867
1977-01-22,333.24,6874
1977-01-29,333.22,6881
1977-02-05,333.41,6888
1977-02-12,333.33,6895
1977-02-19,333.45,6902
1977-02-26,333.63,6909
1977-03-05,334.1,6916
1977-03-12,334.67,6923
1977-03-19,335.11,6930
1977-03-26,335.02,6937
1977-04-02,335.53,6944
1977-04-09,335.94,6951
1977-04-16,336.01,6958
1977-04-23,336.12,6965
1977-04-30,336.78,6972
1977-05-07,336.8,6979
1977-05-14,336.47,6986
1977-05-21,336.84,6993
1977-05-28,336.72,7000
1977-06-04,336.49,7007
1977-06-11,336.31,7014
1977-06-18,336.19,7021
1977-06-25,336.03,7028
1977-07-02,335.59,7035
1977-07-09,335.1,7042
1977-07-16,335.11,7049
1977-07-23,334.6,7056
1977-07-30,333.76,7063
1977-08-06,333.01,7070
1977-08-13,332.98,7077
1977-08-20,332.84,7084
1977-08-27,332.85,7091
1977-09-03,332.17,7098
1977-09-10,331.21,7105
1977-09-17,332.1,7112
1977-09-24,330.96,7119
1977-10-01,330.45,7126
1977-10-08,330.95,7133
1977-10-15,331.52,7140
1977-10-22,331.52,7147
1977-10-29,331.74,7154
1977-11-05,332.13,7161
1977-11-12,332.03,7168
1977-11-19,332.59,7175
1977-11-26,332.85,7182
1977-12-03,333.2,7189
1977-12-10,333.51,7196
1977-12-17,333.85,7203
1977-12-24,334.25,7210
1977-12-31,334.67,7217
1978-01-07,334.27,7224
1978-01-14,334.63,7231
1978-01-21,335.46,7238
1978-01-28,335.94,7245
1978-02-04,335,7252
1978-02-11,335.13,7259
1978-02-18,335.66,7266
1978-02-25,335.7,7273
1978-03-04,336.27,7280
1978-03-11,336.1,7287
1978-03-18,336.8,7294
1978-03-25,337.39,7301
1978-04-01,337.08,7308
1978-04-08,337.99,7315
1978-04-15,337.94,7322
1978-04-22,337.47,7329
1978-04-29,338.05,7336
1978-05-06,338.07,7343
1978-05-13,338.1,7350
1978-05-20,337.82,7357
1978-05-27,337.9,7364
1978-06-03,338.48,7371
1978-06-10,338.23,7378
1978-06-17,337.86,7385
1978-06-24,337.39,7392
1978-07-01,337.69,7399
1978-07-08,336.79,7406
1978-07-15,336.72,7413
1978-07-22,335.95,7420
1978-07-29,335.69,7427
1978-08-05,335.17,7434
1978-08-12,334.84,7441
1978-08-19,334.41,7448
1978-08-26,334.37,7455
1978-09-02,333.88,7462
1978-09-09,332.88,7469
1978-09-16,332.19,7476
1978-09-23,332.38,7483
1978-09-30,332.76,7490
1978-10-07,332.1,7497
1978-10-14,332.45,7504
1978-10-21,333.02,7511
1978-10-28,333.18,7518
1978-11-04,333.58,7525
1978-11-11,333.85,7532
1978-11-18,333.88,7539
1978-11-25,334.2,7546
1978-12-02,334.52,7553
1978-12-09,334.8,7560
1978-12-16,335.15,7567
1978-12-23,335.12,7574
1978-12-30,335.32,7581
1979-01-06,335.36,7588
1979-01-13,335.97,7595
1979-01-20,336.85,7602
1979-01-27,336.95,7609
1979-02-03,336.9,7616
1979-02-10,336.54,7623
1979-02-17,336.71,7630
1979-02-24,336.79,7637
1979-03-03,337.12,7644
1979-03-10,337.79,7651
1979-03-17,337.43,7658
1979-03-24,339.02,7665
1979-03-31,338.8,7672
1979-04-07,338.17,7679
1979-04-14,338.66,7686
1979-04-21,339.25,7693
1979-04-28,339.6,7700
1979-05-05,339.3,7707
1979-05-12,338.88,7714
1979-05-19,339.86,7721
1979-05-26,339.62,7728
1979-06-02,339.93,7735
1979-06-09,339.52,7742
1979-06-16,338.9,7749
1979-06-23,338.95,7756
1979-06-30,339,7763
1979-07-07,338.28,7770
1979-07-14,337.82,7777
1979-07-21,337.37,7784
1979-07-28,336.84,7791
1979-08-04,337.03,7798
1979-08-11,336.59,7805
1979-08-18,336.17,7812
1979-08-25,334.56,7819
1979-09-01,334.45,7826
1979-09-08,334,7833
1979-09-15,334.21,7840
1979-09-22,333.28,7847
1979-09-29,334.11,7854
1979-10-06,334.1,7861
1979-10-13,333.97,7868
1979-10-20,333.74,7875
1979-10-27,334.16,7882
1979-11-03,334.73,7889
1979-11-10,334.86,7896
1979-11-17,335.59,7903
1979-11-24,335.68,7910
1979-12-01,335.99,7917
1979-12-08,336.5,7924
1979-12-15,336.77,7931
1979-12-22,336.88,7938
1979-12-29,337.4,7945
1980-01-05,337.67,7952
1980-01-12,337.48,7959
1980-01-19,338.38,7966
1980-01-26,338.49,7973
1980-02-02,338.05,7980
1980-02-09,338.14,7987
1980-02-16,338.68,7994
1980-02-23,338.26,8001
1980-03-01,339.31,8008
1980-03-08,339.54,8015
1980-03-15,340.02,8022
1980-03-22,340.54,8029
1980-03-29,341.01,8036
1980-04-05,340.41,8043
1980-04-12,340.95,8050
1980-04-19,340.75,8057
1980-04-26,341.06,8064
1980-05-03,341.52,8071
1980-05-10,341.3,8078
1980-05-17,341.38,8085
1980-05-24,340.92,8092
1980-05-31,341.72,8099
1980-06-07,341.38,8106
1980-06-14,341.39,8113
1980-06-21,340.87,8120
1980-06-28,340.4,8127
1980-07-05,340.44,8134
1980-07-12,339.78,8141
1980-07-19,338.51,8148
1980-07-26,338.92,8155
1980-08-02,337.98,8162
1980-08-09,337.77,8169
1980-08-16,337.75,8176
1980-08-23,337.79,8183
1980-08-30,337.01,8190
1980-09-06,336.65,8197
1980-09-13,335.75,8204
1980-09-20,335.28,8211
1980-09-27,336.03,8218
1980-10-04,335.83,8225
1980-10-11,335.87,8232
1980-10-18,336.1,8239
1980-10-25,336.42,8246
1980-11-01,336.65,8253
1980-11-08,336.98,8260
1980-11-15,337.14,8267
1980-11-22,337.31,8274
1980-11-29,337.41,8281
1980-12-06,337.77,8288
1980-12-13,338.1,8295
1980-12-20,338.39,8302
1980-12-27,338.72,8309
1981-01-03,338.94,8316
1981-01-10,339.13,8323
1981-01-17,339.39,8330
1981-01-24,339.36,8337
1981-01-31,339.55,8344
1981-02-07,340.57,8351
1981-02-14,340.04,8358
1981-02-21,340.2,8365
1981-02-28,341.11,8372
1981-03-07,340.73,8379
1981-03-14,341.04,8386
1981-03-21,341.89,8393
1981-03-28,342.19,8400
1981-04-04,342.42,8407
1981-04-11,342.49,8414
1981-04-18,342.78,8421
1981-04-25,342.3,8428
1981-05-02,342.95,8435
1981-05-09,343,8442
1981-05-16,342.8,8449
1981-05-23,342.7,8456
1981-05-30,342.75,8463
1981-06-06,342.64,8470
1981-06-13,342.54,8477
1981-06-20,341.81,8484
1981-06-27,341.64,8491
1981-07-04,341.05,8498
1981-07-11,340.87,8505
1981-07-18,339.76,8512
1981-07-25,340.21,8519
1981-08-01,339.56,8526
1981-08-08,338.92,8533
1981-08-15,338.48,8540
1981-08-22,337.57,8547
1981-08-29,337.73,8554
1981-09-05,337.2,8561
1981-09-12,337.03,8568
1981-09-19,336.75,8575
1981-09-26,335.95,8582
1981-10-03,336.3,8589
1981-10-10,336.65,8596
1981-10-17,337.13,8603
1981-10-24,337.22,8610
1981-10-31,337.56,8617
1981-11-07,337.87,8624
1981-11-14,338.14,8631
1981-11-21,338.57,8638
1981-11-28,339.3,8645
1981-12-05,339.29,8652
1981-12-12,339.41,8659
1981-12-19,339.65,8666
1981-12-26,340.23,8673
1982-01-02,340.28,8680
1982-01-09,340.39,8687
1982-01-16,340.72,8694
1982-01-23,341.13,8701
1982-01-30,341.29,8708
1982-02-06,341.94,8715
1982-02-13,341.11,8722
1982-02-20,341.14,8729
1982-02-27,342.19,8736
1982-03-06,342.66,8743
1982-03-13,342.61,8750
1982-03-20,342.78,8757
1982-03-27,342.81,8764
1982-04-03,342.96,8771
1982-04-10,343.3,8778
1982-04-17,343.5,8785
1982-04-24,344.29,8792
1982-05-01,343.83,8799
1982-05-08,343.68,8806
1982-05-15,344.29,8813
1982-05-22,344.1,8820
1982-05-29,344.1,8827
1982-06-05,343.48,8834
1982-06-12,343.5,8841
1982-06-19,343.46,8848
1982-06-26,342.91,8855
1982-07-03,342.53,8862
1982-07-10,342.03,8869
1982-07-17,342.02,8876
1982-07-24,341.81,8883
1982-07-31,341.31,8890
1982-08-07,340.57,8897
1982-08-14,340.06,8904
1982-08-21,339.71,8911
1982-08-28,338.32,8918
1982-09-04,338.88,8925
1982-09-11,338.61,8932
1982-09-18,337.84,8939
1982-09-25,336.92,8946
1982-10-02,337.32,8953
1982-10-09,338.09,8960
1982-10-16,337.6,8967
1982-10-23,337.94,8974
1982-10-30,338.7,8981
1982-11-06,338.49,8988
1982-11-13,339.2,8995
1982-11-20,339.72,9002
1982-11-27,339.88,9009
1982-12-04,339.86,9016
1982-12-11,340.43,9023
1982-12-18,340.71,9030
1982-12-25,340.82,9037
1983-01-01,340.94,9044
1983-01-08,341.44,9051
1983-01-15,341.57,9058
1983-01-22,341.25,9065
1983-01-29,341.72,9072
1983-02-05,342,9079
1983-02-12,342.77,9086
1983-02-19,342.5,9093
1983-02-26,342.84,9100
1983-03-05,342.38,9107
1983-03-12,342.58,9114
1983-03-19,344.06,9121
1983-03-26,343.81,9128
1983-04-02,344.02,9135
1983-04-09,344.89,9142
1983-04-16,345.07,9149
1983-04-23,345.32,9156
1983-04-30,345.46,9163
1983-05-07,345.43,9170
1983-05-14,345.77,9177
1983-05-21,345.85,9184
1983-05-28,345.76,9191
1983-06-04,345.68,9198
1983-06-11,345.6,9205
1983-06-18,345.04,9212
1983-06-25,344.97,9219
1983-07-02,344.74,9226
1983-07-09,344.59,9233
1983-07-16,343.73,9240
1983-07-23,343.66,9247
1983-07-30,342.6,9254
1983-08-06,343.05,9261
1983-08-13,341.7,9268
1983-08-20,342.14,9275
1983-08-27,341.8,9282
1983-09-03,339.94,9289
1983-09-10,339.99,9296
1983-09-17,339.86,9303
1983-09-24,339.98,9310
1983-10-01,339.87,9317
1983-10-08,339.76,9324
1983-10-15,340.12,9331
1983-10-22,340.25,9338
1983-10-29,340.37,9345
1983-11-05,340.8,9352
1983-11-12,341,9359
1983-11-19,341.18,9366
1983-11-26,341.7,9373
1983-12-03,341.87,9380
1983-12-10,342.85,9387
1983-12-17,343.39,9394
1983-12-24,343.61,9401
1983-12-31,343.47,9408
1984-01-07,343.78,9415
1984-01-14,343.47,9422
1984-01-21,343.5,9429
1984-01-28,344.16,9436
1984-02-04,344.35,9443
1984-02-11,344.57,9450
1984-02-18,344.33,9457
1984-02-25,344.69,9464
1984-03-03,344.88,9471
1984-03-10,344.95,9478
1984-03-17,345.45,9485
1984-03-24,345.69,9492
1984-04-28,347.47,9527
1984-05-05,347.49,9534
1984-05-12,347.78,9541
1984-05-19,347.36,9548
1984-05-26,347.03,9555
1984-06-02,347.09,9562
1984-06-09,347.02,9569
1984-06-16,346.89,9576
1984-06-23,346.37,9583
1984-06-30,346.24,9590
1984-07-07,345.82,9597
1984-07-14,345.48,9604
1984-07-21,345.25,9611
1984-07-28,344.48,9618
1984-08-04,344.05,9625
1984-08-11,344.12,9632
1984-08-18,343.19,9639
1984-08-25,342.05,9646
1984-09-01,341.65,9653
1984-09-08,340.65,9660
1984-09-15,341.37,9667
1984-09-22,341.31,9674
1984-09-29,340.85,9681
1984-10-06,341.19,9688
1984-10-13,341.3,9695
1984-10-20,341.91,9702
1984-10-27,341.67,9709
1984-11-03,342.01,9716
1984-11-10,342.65,9723
1984-11-17,343.14,9730
1984-11-24,343.75,9737
1984-12-01,343.6,9744
1984-12-08,343.95,9751
1984-12-15,344.23,9758
1984-12-22,344.58,9765
1984-12-29,344.57,9772
1985-01-05,344.77,9779
1985-01-12,345.01,9786
1985-01-19,345.01,9793
1985-01-26,345.08,9800
1985-02-02,345.95,9807
1985-02-09,345.54,9814
1985-02-16,345.82,9821
1985-02-23,346.37,9828
1985-03-02,346.77,9835
1985-03-09,347.11,9842
1985-03-16,347.58,9849
1985-03-23,347.7,9856
1985-03-30,348.27,9863
1985-04-06,348.04,9870
1985-04-13,348.08,9877
1985-04-20,348.52,9884
1985-04-27,348.84,9891
1985-05-04,348.89,9898
1985-05-11,349.31,9905
1985-05-18,349.18,9912
1985-05-25,348.18,9919
1985-06-01,349.05,9926
1985-06-08,348.49,9933
1985-06-15,348.24,9940
1985-06-22,347.9,9947
1985-06-29,347.47,9954
1985-07-06,346.9,9961
1985-07-13,346.8,9968
1985-07-20,346.43,9975
1985-07-27,345.79,9982
1985-08-10,344.7,9996
1985-08-17,344.5,10003
1985-08-24,344.38,10010
1985-08-31,343.76,10017
1985-09-07,344.29,10024
1985-09-14,343.37,10031
1985-09-21,342.46,10038
1985-09-28,342.13,10045
1985-10-05,342.4,10052
1985-10-12,342.5,10059
1985-10-19,343.14,10066
1985-10-26,343.22,10073
1985-11-02,343.38,10080
1985-11-09,343.77,10087
1985-11-16,344.25,10094
1985-11-23,344.64,10101
1985-11-30,345.3,10108
1985-12-07,345.37,10115
1985-12-14,345.67,10122
1985-12-21,345.17,10129
1985-12-28,346.3,10136
1986-01-04,346.44,10143
1986-01-11,346.09,10150
1986-01-18,346.25,10157
1986-01-25,346.46,10164
1986-02-01,346.22,10171
1986-02-08,346.84,10178
1986-02-15,347.18,10185
1986-02-22,347.2,10192
1986-03-01,347.07,10199
1986-03-08,346.65,10206
1986-03-15,347.22,10213
1986-03-22,349.15,10220
1986-03-29,348.87,10227
1986-04-05,349.21,10234
1986-04-12,349.45,10241
1986-04-19,349.34,10248
1986-04-26,350.2,10255
1986-05-03,349.99,10262
1986-05-10,350.14,10269
1986-05-17,350.23,10276
1986-05-24,350.13,10283
1986-05-31,350.18,10290
1986-06-07,349.73,10297
1986-06-14,349.54,10304
1986-06-21,349.48,10311
1986-06-28,348.92,10318
1986-07-05,348.69,10325
1986-07-12,347.77,10332
1986-07-19,347.61,10339
1986-07-26,347.41,10346
1986-08-02,346.65,10353
1986-08-09,346.23,10360
1986-08-16,345.59,10367
1986-08-23,345.62,10374
1986-08-30,345.27,10381
1986-09-06,345.05,10388
1986-09-13,345.32,10395
1986-09-20,344.43,10402
1986-09-27,344.51,10409
1986-10-04,343.99,10416
1986-10-11,344.11,10423
1986-10-18,343.99,10430
1986-10-25,344.57,10437
1986-11-01,345.17,10444
1986-11-08,345.35,10451
1986-11-15,345.63,10458
1986-11-22,345.72,10465
1986-11-29,346.41,10472
1986-12-06,346.92,10479
1986-12-13,346.77,10486
1986-12-20,346.97,10493
1986-12-27,347.08,10500
1987-01-03,347.62,10507
1987-01-10,348.37,10514
1987-01-17,348.27,10521
1987-01-24,347.96,10528
1987-01-31,348.03,10535
1987-02-07,347.91,10542
1987-02-14,348.25,10549
1987-02-21,348.54,10556
1987-02-28,349.47,10563
1987-03-07,348.85,10570
1987-03-14,349.27,10577
1987-03-21,349.79,10584
1987-03-28,350.2,10591
1987-04-04,350.82,10598
1987-04-11,350.27,10605
1987-04-18,351.19,10612
1987-04-25,351.39,10619
1987-05-02,351.43,10626
1987-05-09,352,10633
1987-05-16,351.73,10640
1987-05-23,351.91,10647
1987-05-30,351.78,10654
1987-06-06,351.65,10661
1987-06-13,351.17,10668
1987-06-20,351,10675
1987-06-27,350.94,10682
1987-07-04,349.76,10689
1987-07-11,349.84,10696
1987-07-18,348.87,10703
1987-07-25,349.51,10710
1987-08-01,349.04,10717
1987-08-08,348.15,10724
1987-08-15,348.62,10731
1987-08-22,348.01,10738
1987-08-29,346.71,10745
1987-09-05,347.05,10752
1987-09-12,346.65,10759
1987-09-19,346.29,10766
1987-09-26,345.85,10773
1987-10-03,345.77,10780
1987-10-10,346.34,10787
1987-10-17,346.59,10794
1987-10-24,346.8,10801
1987-10-31,346.91,10808
1987-11-07,347.34,10815
1987-11-14,347.65,10822
1987-11-21,348.16,10829
1987-11-28,348.75,10836
1987-12-05,348.66,10843
1987-12-12,348.82,10850
1987-12-19,349.12,10857
1987-12-26,349.29,10864
1988-01-02,349.78,10871
1988-01-09,350.28,10878
1988-01-16,350.21,10885
1988-01-23,350.79,10892
1988-01-30,351.22,10899
1988-02-06,351.81,10906
1988-02-13,351.31,10913
1988-02-20,351.53,10920
1988-02-27,352.55,10927
1988-03-05,352.88,10934
1988-03-12,351.88,10941
1988-03-19,351.78,10948
1988-03-26,352.23,10955
1988-04-02,353.13,10962
1988-04-09,353.57,10969
1988-04-16,353.15,10976
1988-04-23,354,10983
1988-04-30,354.23,10990
1988-05-07,353.76,10997
1988-05-14,354.3,11004
1988-05-21,354.52,11011
1988-05-28,354.2,11018
1988-06-04,354.18,11025
1988-06-11,354.2,11032
1988-06-18,353.61,11039
1988-06-25,353.19,11046
1988-07-02,353.08,11053
1988-07-09,352.56,11060
1988-07-16,352.65,11067
1988-07-23,351.96,11074
1988-07-30,351.13,11081
1988-08-06,350.95,11088
1988-08-13,350.3,11095
1988-08-20,350.49,11102
1988-08-27,349.61,11109
1988-09-03,349.38,11116
1988-09-10,348.73,11123
1988-09-17,348.95,11130
1988-09-24,348.19,11137
1988-10-01,348.82,11144
1988-10-08,348.88,11151
1988-10-15,348.68,11158
1988-10-22,349.42,11165
1988-10-29,349.29,11172
1988-11-05,349.78,11179
1988-11-12,349.89,11186
1988-11-19,350.18,11193
1988-11-26,350.48,11200
1988-12-03,350.5,11207
1988-12-10,351.02,11214
1988-12-17,351.6,11221
1988-12-24,351.36,11228
1988-12-31,352.4,11235
1989-01-07,352.77,11242
1989-01-14,352.97,11249
1989-01-21,352.51,11256
1989-01-28,353.06,11263
1989-02-04,352.83,11270
1989-02-11,352.64,11277
1989-02-18,353.22,11284
1989-02-25,353.48,11291
1989-03-04,353.17,11298
1989-03-11,353.46,11305
1989-03-18,353.55,11312
1989-03-25,354.48,11319
1989-04-01,354.56,11326
1989-04-08,355.05,11333
1989-04-15,355.41,11340
1989-04-22,356.01,11347
1989-04-29,355.9,11354
1989-05-06,355.36,11361
1989-05-13,355.82,11368
1989-05-20,355.64,11375
1989-05-27,355.76,11382
1989-06-03,355.8,11389
1989-06-10,355.09,11396
1989-06-17,354.87,11403
1989-06-24,354.9,11410
1989-07-01,354.5,11417
1989-07-08,354.76,11424
1989-07-15,353.85,11431
1989-07-22,353.19,11438
1989-07-29,353.21,11445
1989-08-05,352.62,11452
1989-08-12,352.24,11459
1989-08-19,351.16,11466
1989-08-26,350.43,11473
1989-09-02,350.79,11480
1989-09-09,350.28,11487
1989-09-16,349.41,11494
1989-09-23,349.31,11501
1989-09-30,349.71,11508
1989-10-07,349.97,11515
1989-10-14,349.74,11522
1989-10-21,350.24,11529
1989-10-28,350.47,11536
1989-11-04,350.66,11543
1989-11-11,351.29,11550
1989-11-18,351.6,11557
1989-11-25,351.46,11564
1989-12-02,352.09,11571
1989-12-09,352.16,11578
1989-12-16,352.48,11585
1989-12-23,352.59,11592
1989-12-30,353.44,11599
1990-01-06,353.47,11606
1990-01-13,353.55,11613
1990-01-20,353.8,11620
1990-01-27,353.96,11627
1990-02-03,354.13,11634
1990-02-10,355.02,11641
1990-02-17,354.87,11648
1990-02-24,354.78,11655
1990-03-03,355.72,11662
1990-03-10,354.99,11669
1990-03-17,355.84,11676
1990-03-24,355.17,11683
1990-03-31,355.95,11690
1990-04-07,356.17,11697
1990-04-14,355.9,11704
1990-04-21,356.68,11711
1990-04-28,356.18,11718
1990-05-05,357.3,11725
1990-05-12,357.09,11732
1990-05-19,356.99,11739
1990-05-26,357.13,11746
1990-06-02,357.01,11753
1990-06-09,356.63,11760
1990-06-16,355.68,11767
1990-06-23,355.53,11774
1990-06-30,355.79,11781
1990-07-07,355.51,11788
1990-07-14,354,11795
1990-07-21,354.59,11802
1990-07-28,354.72,11809
1990-08-04,353.56,11816
1990-08-11,353.23,11823
1990-08-18,352.92,11830
1990-08-25,352.01,11837
1990-09-01,350.99,11844
1990-09-08,350.75,11851
1990-09-15,351.33,11858
1990-09-22,350.97,11865
1990-09-29,350.92,11872
1990-10-06,351.1,11879
1990-10-13,351.08,11886
1990-10-20,351.48,11893
1990-10-27,351.47,11900
1990-11-03,352.12,11907
1990-11-10,352.62,11914
1990-11-17,353.05,11921
1990-11-24,353.18,11928
1990-12-01,353.61,11935
1990-12-08,354.07,11942
1990-12-15,353.87,11949
1990-12-22,354.51,11956
1990-12-29,354.89,11963
1991-01-05,354.28,11970
1991-01-12,354.73,11977
1991-01-19,354.86,11984
1991-01-26,355.05,11991
1991-02-02,355.22,11998
1991-02-09,355.23,12005
1991-02-16,356.4,12012
1991-02-23,355.83,12019
1991-03-02,356.41,12026
1991-03-09,357.21,12033
1991-03-16,357.69,12040
1991-03-23,356.96,12047
1991-03-30,357.94,12054
1991-04-06,358.32,12061
1991-04-13,357.83,12068
1991-04-20,359.19,12075
1991-04-27,359.24,12082
1991-05-04,359.11,12089
1991-05-11,358.94,12096
1991-05-18,360.03,12103
1991-05-25,359.08,12110
1991-06-01,358.52,12117
1991-06-08,358.46,12124
1991-06-15,358.22,12131
1991-06-22,358.12,12138
1991-06-29,357.74,12145
1991-07-06,357.27,12152
1991-07-13,356.54,12159
1991-07-20,355.26,12166
1991-07-27,355.3,12173
1991-08-03,354.89,12180
1991-08-10,354.6,12187
1991-08-17,353.78,12194
1991-08-24,353.07,12201
1991-08-31,353.22,12208
1991-09-07,353.06,12215
1991-09-14,352.12,12222
1991-09-21,351.84,12229
1991-09-28,351.69,12236
1991-10-05,351.7,12243
1991-10-12,352.18,12250
1991-10-19,352.53,12257
1991-10-26,352.72,12264
1991-11-02,353.47,12271
1991-11-09,353.76,12278
1991-11-16,353.56,12285
1991-11-23,353.86,12292
1991-11-30,354.35,12299
1991-12-07,354.54,12306
1991-12-14,354.97,12313
1991-12-21,355.22,12320
1991-12-28,355.5,12327
1992-01-04,355.69,12334
1992-01-11,356.07,12341
1992-01-18,356.19,12348
1992-01-25,355.96,12355
1992-02-01,356.05,12362
1992-02-08,356.73,12369
1992-02-15,357.33,12376
1992-02-22,356.99,12383
1992-02-29,356.58,12390
1992-03-07,357.3,12397
1992-03-14,357.8,12404
1992-03-21,358.18,12411
1992-03-28,358.42,12418
1992-04-04,358.57,12425
1992-04-11,358.99,12432
1992-04-18,359.75,12439
1992-04-25,359.25,12446
1992-05-02,359.69,12453
1992-05-09,359.73,12460
1992-05-16,358.6,12467
1992-05-23,359.65,12474
1992-05-30,360.25,12481
1992-06-06,360.03,12488
1992-06-13,359.48,12495
1992-06-20,358.75,12502
1992-06-27,358.45,12509
1992-07-04,358.47,12516
1992-07-11,357.2,12523
1992-07-18,356.37,12530
1992-07-25,356.1,12537
1992-08-01,354.99,12544
1992-08-08,355.33,12551
1992-08-15,355.32,12558
1992-08-22,354.59,12565
1992-08-29,354.34,12572
1992-09-05,353.53,12579
1992-09-12,353.66,12586
1992-09-19,352.37,12593
1992-09-26,352.75,12600
1992-10-03,353.6,12607
1992-10-10,353.38,12614
1992-10-17,353.24,12621
1992-10-24,353.51,12628
1992-10-31,353.56,12635
1992-11-07,353.99,12642
1992-11-14,353.86,12649
1992-11-21,354.57,12656
1992-11-28,354.64,12663
1992-12-05,354.85,12670
1992-12-12,355.37,12677
1992-12-19,355.46,12684
1992-12-26,355.97,12691
1993-01-02,356.29,12698
1993-01-09,356.96,12705
1993-01-16,356.72,12712
1993-01-23,356.66,12719
1993-01-30,357.03,12726
1993-02-06,356.62,12733
1993-02-13,357.23,12740
1993-02-20,357.36,12747
1993-02-27,357.68,12754
1993-03-06,358.39,12761
1993-03-13,358.52,12768
1993-03-20,358.13,12775
1993-03-27,358.85,12782
1993-04-03,359.17,12789
1993-04-10,358.87,12796
1993-04-17,359.42,12803
1993-04-24,360.03,12810
1993-05-01,359.62,12817
1993-05-08,359.78,12824
1993-05-15,360.7,12831
1993-05-22,360.62,12838
1993-05-29,360.35,12845
1993-06-05,359.79,12852
1993-06-12,359.92,12859
1993-06-19,359.34,12866
1993-06-26,359.15,12873
1993-07-03,357.91,12880
1993-07-10,358.02,12887
1993-07-17,358.1,12894
1993-07-24,356.69,12901
1993-07-31,356.52,12908
1993-08-07,355.88,12915
1993-08-14,355.95,12922
1993-08-21,354.9,12929
1993-08-28,354.72,12936
1993-09-04,354.3,12943
1993-09-11,353.23,12950
1993-09-18,353.81,12957
1993-09-25,353.86,12964
1993-10-02,353.8,12971
1993-10-09,353.87,12978
1993-10-16,354,12985
1993-10-23,354.45,12992
1993-10-30,354.38,12999
1993-11-06,354.78,13006
1993-11-13,355.16,13013
1993-11-20,355.65,13020
1993-11-27,356.03,13027
1993-12-04,356.27,13034
1993-12-11,356.52,13041
1993-12-18,356.99,13048
1993-12-25,357.5,13055
1994-01-01,358.14,13062
1994-01-08,358.12,13069
1994-01-15,358.43,13076
1994-01-22,358.33,13083
1994-01-29,358.78,13090
1994-02-05,358.49,13097
1994-02-12,358.61,13104
1994-02-19,359.02,13111
1994-02-26,359.64,13118
1994-03-05,358.77,13125
1994-03-12,359.86,13132
1994-03-19,360.49,13139
1994-03-26,360.83,13146
1994-04-02,360.68,13153
1994-04-09,361.01,13160
1994-04-16,361.07,13167
1994-04-23,361.34,13174
1994-04-30,362.25,13181
1994-05-07,361.63,13188
1994-05-14,361.42,13195
1994-05-21,361.78,13202
1994-05-28,361.91,13209
1994-06-04,361.04,13216
1994-06-11,361.07,13223
1994-06-18,360.93,13230
1994-06-25,360.7,13237
1994-07-02,360.22,13244
1994-07-09,359.9,13251
1994-07-16,359.43,13258
1994-07-23,359,13265
1994-07-30,358.81,13272
1994-08-06,358.1,13279
1994-08-13,357.52,13286
1994-08-20,357.63,13293
1994-08-27,356.39,13300
1994-09-03,356.44,13307
1994-09-10,356.46,13314
1994-09-17,355.46,13321
1994-09-24,355.5,13328
1994-10-01,355.46,13335
1994-10-08,355.81,13342
1994-10-15,356.09,13349
1994-10-22,356.39,13356
1994-10-29,356.61,13363
1994-11-05,356.97,13370
1994-11-12,357.4,13377
1994-11-19,357.93,13384
1994-11-26,358.11,13391
1994-12-03,358.43,13398
1994-12-10,359.13,13405
1994-12-17,359.25,13412
1994-12-24,359.15,13419
1994-12-31,359.52,13426
1995-01-07,359.68,13433
1995-01-14,360.28,13440
1995-01-21,360.12,13447
1995-01-28,360.04,13454
1995-02-04,360.67,13461
1995-02-11,361.09,13468
1995-02-18,360.88,13475
1995-02-25,361.36,13482
1995-03-04,362.2,13489
1995-03-11,361.24,13496
1995-03-18,360.99,13503
1995-03-25,362,13510
1995-04-01,363.8,13517
1995-04-08,363.44,13524
1995-04-15,363.34,13531
1995-04-22,362.89,13538
1995-04-29,363.58,13545
1995-05-06,363.24,13552
1995-05-13,364.11,13559
1995-05-20,364.18,13566
1995-05-27,363.47,13573
1995-06-03,363.92,13580
1995-06-10,363.47,13587
1995-06-17,362.96,13594
1995-06-24,362.81,13601
1995-07-01,362.53,13608
1995-07-08,362.27,13615
1995-07-15,361.97,13622
1995-07-22,361.58,13629
1995-07-29,360.98,13636
1995-08-05,360.45,13643
1995-08-12,359.21,13650
1995-08-19,358.72,13657
1995-08-26,359.29,13664
1995-09-02,357.37,13671
1995-09-09,358.5,13678
1995-09-16,358.58,13685
1995-09-23,358.2,13692
1995-09-30,357.56,13699
1995-10-07,357.65,13706
1995-10-14,357.6,13713
1995-10-21,358.04,13720
1995-10-28,358.23,13727
1995-11-04,359.19,13734
1995-11-11,359.43,13741
1995-11-18,359.69,13748
1995-11-25,359.87,13755
1995-12-02,360.13,13762
1995-12-09,360.43,13769
1995-12-16,360.53,13776
1995-12-23,360.89,13783
1995-12-30,361.73,13790
1996-01-06,361.81,13797
1996-01-13,362.06,13804
1996-01-20,362.17,13811
1996-01-27,362.23,13818
1996-02-03,362.68,13825
1996-02-10,363.12,13832
1996-02-17,363.01,13839
1996-02-24,364.03,13846
1996-03-02,363.84,13853
1996-03-09,363.66,13860
1996-03-16,364.1,13867
1996-03-23,364.53,13874
1996-03-30,364.35,13881
1996-04-06,364.57,13888
1996-04-13,364.89,13895
1996-04-20,364.4,13902
1996-04-27,365.13,13909
1996-05-04,364.92,13916
1996-05-11,365.37,13923
1996-05-18,365.74,13930
1996-05-25,365.43,13937
1996-06-01,364.86,13944
1996-06-08,365.19,13951
1996-06-15,365.27,13958
1996-06-22,365,13965
1996-06-29,364.3,13972
1996-07-06,364.19,13979
1996-07-13,363.75,13986
1996-07-20,363.38,13993
1996-07-27,362.84,14000
1996-08-03,361.78,14007
1996-08-10,362.1,14014
1996-08-17,361.29,14021
1996-08-24,360.85,14028
1996-08-31,360.82,14035
1996-09-07,359.86,14042
1996-09-14,359.82,14049
1996-09-21,359.09,14056
1996-09-28,359.04,14063
1996-10-05,359.45,14070
1996-10-12,359.52,14077
1996-10-19,359.86,14084
1996-10-26,359.87,14091
1996-11-02,359.94,14098
1996-11-09,360.52,14105
1996-11-16,360.79,14112
1996-11-23,361.24,14119
1996-11-30,361.4,14126
1996-12-07,361.97,14133
1996-12-14,362.68,14140
1996-12-21,362.47,14147
1996-12-28,362.62,14154
1997-01-04,362.95,14161
1997-01-11,363,14168
1997-01-18,363.16,14175
1997-01-25,363.51,14182
1997-02-01,363.28,14189
1997-02-08,364.19,14196
1997-02-15,364.02,14203
1997-02-22,364.24,14210
1997-03-01,364.5,14217
1997-03-08,364.16,14224
1997-03-15,364.19,14231
1997-03-22,364.75,14238
1997-03-29,365.43,14245
1997-04-05,365.8,14252
1997-04-12,366.25,14259
1997-04-19,366.69,14266
1997-04-26,366.79,14273
1997-05-03,366.76,14280
1997-05-10,366.8,14287
1997-05-17,367.03,14294
1997-05-24,366.61,14301
1997-05-31,366.36,14308
1997-06-07,365.71,14315
1997-06-14,365.61,14322
1997-06-21,365.53,14329
1997-06-28,365.16,14336
1997-07-05,365.09,14343
1997-07-12,364.67,14350
1997-07-19,364.11,14357
1997-07-26,363.8,14364
1997-08-02,363.39,14371
1997-08-09,363.36,14378
1997-08-16,362.63,14385
1997-08-23,361.51,14392
1997-08-30,361.66,14399
1997-09-06,360.69,14406
1997-09-13,360.26,14413
1997-09-20,360.08,14420
1997-09-27,359.81,14427
1997-10-04,360.54,14434
1997-10-11,360.49,14441
1997-10-18,361.07,14448
1997-10-25,361.13,14455
1997-11-01,361.71,14462
1997-11-08,362.19,14469
1997-11-15,362.06,14476
1997-11-22,362.65,14483
1997-11-29,363.51,14490
1997-12-06,363.97,14497
1997-12-13,363.95,14504
1997-12-20,364.27,14511
1997-12-27,365.09,14518
1998-01-03,365.24,14525
1998-01-10,365.3,14532
1998-01-17,365.35,14539
1998-01-24,365.38,14546
1998-01-31,365.69,14553
1998-02-07,366.06,14560
1998-02-14,365.52,14567
1998-02-21,366.08,14574
1998-02-28,367.36,14581
1998-03-07,367.02,14588
1998-03-14,366.66,14595
1998-03-21,367.49,14602
1998-03-28,368.57,14609
1998-04-04,368.69,14616
1998-04-11,368.68,14623
1998-04-18,368.05,14630
1998-04-25,368.9,14637
1998-05-02,369.17,14644
1998-05-09,368.83,14651
1998-05-16,368.51,14658
1998-05-23,369.66,14665
1998-05-30,369.7,14672
1998-06-06,369.41,14679
1998-06-13,368.88,14686
1998-06-20,368.54,14693
1998-06-27,368.36,14700
1998-07-04,368.05,14707
1998-07-11,367.54,14714
1998-07-18,367.67,14721
1998-07-25,367.36,14728
1998-08-01,366.88,14735
1998-08-08,366.46,14742
1998-08-15,365.64,14749
1998-08-22,365.63,14756
1998-08-29,364.25,14763
1998-09-05,364.74,14770
1998-09-12,363.96,14777
1998-09-19,363.5,14784
1998-09-26,363.6,14791
1998-10-03,364.01,14798
1998-10-10,364.17,14805
1998-10-17,364.46,14812
1998-10-24,364.49,14819
1998-10-31,364.7,14826
1998-11-07,365.05,14833
1998-11-14,365.48,14840
1998-11-21,365.8,14847
1998-11-28,366,14854
1998-12-05,366.46,14861
1998-12-12,366.74,14868
1998-12-19,367.3,14875
1998-12-26,367.38,14882
1999-01-02,367.58,14889
1999-01-09,367.87,14896
1999-01-16,367.8,14903
1999-01-23,368.33,14910
1999-01-30,369.25,14917
1999-02-06,369.19,14924
1999-02-13,368.9,14931
1999-02-20,369.05,14938
1999-02-27,368.52,14945
1999-03-06,368.13,14952
1999-03-13,369.58,14959
1999-03-20,370.27,14966
1999-03-27,370.65,14973
1999-04-03,371.11,14980
1999-04-10,371.59,14987
1999-04-17,371.07,14994
1999-04-24,370.32,15001
1999-05-01,370.82,15008
1999-05-08,371.33,15015
1999-05-15,371.09,15022
1999-05-22,370.89,15029
1999-05-29,370.41,15036
1999-06-05,370.98,15043
1999-06-12,370.33,15050
1999-06-19,369.97,15057
1999-06-26,369.97,15064
1999-07-03,369.49,15071
1999-07-10,370.15,15078
1999-07-17,369.54,15085
1999-07-24,368.66,15092
1999-07-31,367.48,15099
1999-08-07,367.65,15106
1999-08-14,366.77,15113
1999-08-21,366.44,15120
1999-08-28,366.16,15127
1999-09-04,364.22,15134
1999-09-11,364.75,15141
1999-09-18,365.25,15148
1999-09-25,364.74,15155
1999-10-02,364.62,15162
1999-10-09,365.11,15169
1999-10-16,364.94,15176
1999-10-23,365.7,15183
1999-10-30,365.81,15190
1999-11-06,366.24,15197
1999-11-13,366.75,15204
1999-11-20,366.74,15211
1999-11-27,367.2,15218
1999-12-04,367.47,15225
1999-12-11,368.1,15232
1999-12-18,368.05,15239
1999-12-25,368.27,15246
2000-01-01,368.74,15253
2000-01-08,368.63,15260
2000-01-15,369.12,15267
2000-01-22,369.93,15274
2000-01-29,369.35,15281
2000-02-05,369.18,15288
2000-02-12,369.66,15295
2000-02-19,369.45,15302
2000-02-26,369.61,15309
2000-03-04,370.11,15316
2000-03-11,370.09,15323
2000-03-18,370.98,15330
2000-03-25,370.86,15337
2000-04-01,371.04,15344
2000-04-08,371.81,15351
2000-04-15,371.91,15358
2000-04-22,372.1,15365
2000-04-29,371.37,15372
2000-05-06,371.36,15379
2000-05-13,371.83,15386
2000-05-20,372.01,15393
2000-05-27,371.91,15400
2000-06-03,371.98,15407
2000-06-10,371.71,15414
2000-06-17,371.82,15421
2000-06-24,371.41,15428
2000-07-01,370.96,15435
2000-07-08,370.17,15442
2000-07-15,370.29,15449
2000-07-22,369.85,15456
2000-07-29,369.1,15463
2000-08-05,368.86,15470
2000-08-12,368.46,15477
2000-08-19,367.78,15484
2000-08-26,367.25,15491
2000-09-02,367.28,15498
2000-09-09,366.84,15505
2000-09-16,366.35,15512
2000-09-23,366.34,15519
2000-09-30,366.54,15526
2000-10-07,366.42,15533
2000-10-14,366.75,15540
2000-10-21,366.79,15547
2000-10-28,367.46,15554
2000-11-04,367.78,15561
2000-11-11,368.1,15568
2000-11-18,368.76,15575
2000-11-25,368.42,15582
2000-12-02,369.1,15589
2000-12-09,369.74,15596
2000-12-16,369.41,15603
2000-12-23,369.64,15610
2000-12-30,369.91,15617
2001-01-06,369.95,15624
2001-01-13,370.35,15631
2001-01-20,370.1,15638
2001-01-27,370.91,15645
2001-02-03,371.45,15652
2001-02-10,371.29,15659
2001-02-17,371.82,15666
2001-02-24,371.33,15673
2001-03-03,372.34,15680
2001-03-10,372.32,15687
2001-03-17,372.23,15694
2001-03-24,371.97,15701
2001-03-31,372.18,15708
2001-04-07,372.82,15715
2001-04-14,372.84,15722
2001-04-21,373.17,15729
2001-04-28,372.91,15736
2001-05-05,373.83,15743
2001-05-12,374.08,15750
2001-05-19,373.85,15757
2001-05-26,374.05,15764
2001-06-02,374,15771
2001-06-09,373.27,15778
2001-06-16,372.98,15785
2001-06-23,373.04,15792
2001-06-30,372.9,15799
2001-07-07,372.29,15806
2001-07-14,371.51,15813
2001-07-21,371.36,15820
2001-07-28,370.76,15827
2001-08-04,370.07,15834
2001-08-11,369.7,15841
2001-08-18,369.43,15848
2001-08-25,369.15,15855
2001-09-01,368.61,15862
2001-09-08,368.34,15869
2001-09-15,368.18,15876
2001-09-22,367.61,15883
2001-09-29,367.56,15890
2001-10-06,367.93,15897
2001-10-13,367.73,15904
2001-10-20,368.23,15911
2001-10-27,368.92,15918
2001-11-03,368.87,15925
2001-11-10,369.03,15932
2001-11-17,369.84,15939
2001-11-24,370.44,15946
2001-12-01,370.51,15953
2001-12-08,371.03,15960
2001-12-15,371.34,15967
2001-12-22,371.51,15974
2001-12-29,371.67,15981
2002-01-05,371.94,15988
2002-01-12,372.26,15995
2002-01-19,373.04,16002
2002-01-26,372.46,16009
2002-02-02,372.85,16016
2002-02-09,372.93,16023
2002-02-16,372.84,16030
2002-02-23,373.4,16037
2002-03-02,373.29,16044
2002-03-09,373.47,16051
2002-03-16,373.37,16058
2002-03-23,373.51,16065
2002-03-30,374.29,16072
2002-04-06,374.5,16079
2002-04-13,374.55,16086
2002-04-20,375.06,16093
2002-04-27,375.47,16100
2002-05-04,375.78,16107
2002-05-11,374.95,16114
2002-05-18,375.24,16121
2002-05-25,375.92,16128
2002-06-01,375.78,16135
2002-06-08,375.66,16142
2002-06-15,375.12,16149
2002-06-22,375.5,16156
2002-06-29,374.47,16163
2002-07-06,374.62,16170
2002-07-13,374.13,16177
2002-07-20,373.68,16184
2002-07-27,373.16,16191
2002-08-03,372.93,16198
2002-08-10,371.73,16205
2002-08-17,371.03,16212
2002-08-24,370.87,16219
2002-08-31,370.12,16226
2002-09-07,371.39,16233
2002-09-14,371.16,16240
2002-09-21,370.45,16247
2002-09-28,369.97,16254
2002-10-05,369.68,16261
2002-10-12,370.04,16268
2002-10-19,371.06,16275
2002-10-26,370.44,16282
2002-11-02,371.67,16289
2002-11-09,371.55,16296
2002-11-16,372.08,16303
2002-11-23,372.69,16310
2002-11-30,372.65,16317
2002-12-07,373.32,16324
2002-12-14,373.44,16331
2002-12-21,374.16,16338
2002-12-28,374.6,16345
2003-01-04,374.49,16352
2003-01-11,374.46,16359
2003-01-18,374.82,16366
2003-01-25,374.89,16373
2003-02-01,375.23,16380
2003-02-08,374.81,16387
2003-02-15,375.7,16394
2003-02-22,376.36,16401
2003-03-01,375.82,16408
2003-03-08,375.89,16415
2003-03-15,375.76,16422
2003-03-22,376.44,16429
2003-03-29,376.82,16436
2003-04-05,376.81,16443
2003-04-12,377.3,16450
2003-04-19,378.11,16457
2003-04-26,378.46,16464
2003-05-03,378.11,16471
2003-05-10,377.49,16478
2003-05-17,378.79,16485
2003-05-24,378.71,16492
2003-05-31,378.29,16499
2003-06-07,378.39,16506
2003-06-21,377.34,16520
2003-06-28,377.85,16527
2003-07-05,376.43,16534
2003-07-12,377.05,16541
2003-07-19,376.7,16548
2003-07-26,375.98,16555
2003-08-02,375.48,16562
2003-08-09,374.67,16569
2003-08-16,374.06,16576
2003-08-23,374.47,16583
2003-08-30,373.48,16590
2003-09-06,373.09,16597
2003-09-13,372.76,16604
2003-09-20,373.08,16611
2003-09-27,373.03,16618
2003-10-04,372.87,16625
2003-10-25,373.33,16646
2003-11-01,373.5,16653
2003-11-08,373.76,16660
2003-11-15,374.45,16667
2003-11-22,375.21,16674
2003-11-29,374.72,16681
2003-12-06,374.47,16688
2003-12-13,376.15,16695
2003-12-20,376.05,16702
2003-12-27,376.43,16709
2004-01-03,376.17,16716
2004-01-10,376.17,16723
2004-01-17,377.01,16730
2004-01-24,377.29,16737
2004-01-31,377.49,16744
2004-02-07,377.47,16751
2004-02-14,377,16758
2004-02-21,377.35,16765
2004-02-28,377.67,16772
2004-03-06,378.05,16779
2004-03-13,379.4,16786
2004-03-20,378.47,16793
2004-03-27,378.5,16800
2004-04-03,380.09,16807
2004-04-10,380.41,16814
2004-04-17,380.56,16821
2004-04-24,380.71,16828
2004-05-01,380.28,16835
2004-05-08,381.04,16842
2004-05-15,380.51,16849
2004-05-22,380.33,16856
2004-05-29,380.66,16863
2004-06-05,379.62,16870
2004-06-12,380,16877
2004-06-19,379.3,16884
2004-06-26,379.07,16891
2004-07-03,378.44,16898
2004-07-10,378.04,16905
2004-07-17,377.33,16912
2004-07-24,376.99,16919
2004-07-31,377.35,16926
2004-08-07,376.56,16933
2004-08-14,375.84,16940
2004-08-21,375.7,16947
2004-08-28,374.62,16954
2004-09-04,373.82,16961
2004-09-11,374.57,16968
2004-09-18,374.14,16975
2004-09-25,373.8,16982
2004-10-02,374.01,16989
2004-10-09,373.95,16996
2004-10-16,374.05,17003
2004-10-23,374.58,17010
2004-10-30,375.02,17017
2004-11-06,375.06,17024
2004-11-13,376.13,17031
2004-11-20,376.46,17038
2004-11-27,376.13,17045
2004-12-04,377.09,17052
2004-12-11,377.37,17059
2004-12-18,377.5,17066
2004-12-25,377.68,17073
2005-01-01,378.06,17080
2005-01-08,378.21,17087
2005-01-15,378.36,17094
2005-01-22,378.34,17101
2005-01-29,378.66,17108
2005-02-05,379.02,17115
2005-02-12,379.31,17122
2005-02-19,380.25,17129
2005-03-26,380.57,17164
2005-04-02,382.07,17171
2005-04-09,382.25,17178
2005-04-16,381.35,17185
2005-04-23,382.08,17192
2005-04-30,382.38,17199
2005-05-07,381.51,17206
2005-05-14,382.53,17213
2005-05-21,382.14,17220
2005-05-28,382.58,17227
2005-06-04,382.36,17234
2005-06-11,382.31,17241
2005-06-18,382.12,17248
2005-06-25,381.48,17255
2005-07-02,381.15,17262
2005-07-09,380.9,17269
2005-07-16,380.63,17276
2005-07-23,380.36,17283
2005-07-30,379.86,17290
2005-08-06,379.21,17297
2005-08-13,378.97,17304
2005-08-20,378.4,17311
2005-08-27,377.69,17318
2005-09-03,377.82,17325
2005-09-10,376.33,17332
2005-09-17,376.14,17339
2005-09-24,375.95,17346
2005-10-01,376.33,17353
2005-10-08,376.44,17360
2005-10-15,377.12,17367
2005-10-22,377.31,17374
2005-10-29,377.24,17381
2005-11-05,377.76,17388
2005-11-12,378.07,17395
2005-11-19,378.75,17402
2005-11-26,378.77,17409
2005-12-03,379.41,17416
2005-12-10,380.09,17423
2005-12-17,380.09,17430
2005-12-24,380.14,17437
2005-12-31,380.43,17444
2006-01-07,381.28,17451
2006-01-14,381.41,17458
2006-01-21,381.57,17465
2006-01-28,381.47,17472
2006-02-04,382.04,17479
2006-02-25,381.86,17500
2006-03-04,382.39,17507
2006-03-11,382.55,17514
2006-03-18,382.74,17521
2006-03-25,382.55,17528
2006-04-01,382.97,17535
2006-04-08,384.65,17542
2006-04-15,384.67,17549
2006-04-22,384.71,17556
2006-04-29,384.62,17563
2006-05-06,384.91,17570
2006-05-13,384.87,17577
2006-05-20,385.34,17584
2006-05-27,384.3,17591
2006-06-03,384.29,17598
2006-06-10,384.31,17605
2006-06-17,384.07,17612
2006-06-24,383.55,17619
2006-07-01,383,17626
2006-07-08,382.78,17633
2006-07-15,381.28,17640
2006-07-22,381.81,17647
2006-07-29,381.55,17654
2006-08-05,381.22,17661
2006-08-12,380.63,17668
2006-08-19,380.2,17675
2006-08-26,379.77,17682
2006-09-02,379.52,17689
2006-09-09,378.66,17696
2006-09-16,378.8,17703
2006-09-23,378.49,17710
2006-09-30,379,17717
2006-10-07,378.78,17724
2006-10-14,379.14,17731
2006-10-21,379.22,17738
2006-10-28,379.57,17745
2006-11-04,379.67,17752
2006-11-11,379.81,17759
2006-11-18,379.98,17766
2006-11-25,381.42,17773
2006-12-02,381.31,17780
2006-12-09,381.6,17787
2006-12-16,381.81,17794
2006-12-23,381.96,17801
2006-12-30,381.76,17808
2007-01-06,382.64,17815
2007-01-13,382.36,17822
2007-01-20,381.84,17829
2007-02-03,383.09,17843
2007-02-10,383.6,17850
2007-02-17,384.22,17857
2007-02-24,383.76,17864
2007-03-03,383.71,17871
2007-03-10,383.64,17878
2007-03-17,384.28,17885
2007-03-24,384.96,17892
2007-03-31,385.93,17899
2007-04-07,385.46,17906
2007-04-14,386.3,17913
2007-04-21,387,17920
2007-04-28,386.42,17927
2007-05-05,385.85,17934
2007-05-12,386.54,17941
2007-05-19,386.03,17948
2007-05-26,386.93,17955
2007-06-02,386.6,17962
2007-06-09,386.23,17969
2007-06-16,386.29,17976
2007-06-23,384.95,17983
2007-06-30,384.85,17990
2007-07-07,384.92,17997
2007-07-14,384.75,18004
2007-07-21,383.97,18011
2007-07-28,383.41,18018
2007-08-04,382.51,18025
2007-08-11,381.72,18032
2007-08-18,381.6,18039
2007-08-25,381.67,18046
2007-09-01,381.69,18053
2007-09-08,380.74,18060
2007-09-15,380.75,18067
2007-09-22,380.94,18074
2007-09-29,380.8,18081
2007-10-06,380.68,18088
2007-10-13,380.68,18095
2007-10-20,381.1,18102
2007-10-27,381.36,18109
2007-11-03,381.76,18116
2007-11-10,381.92,18123
2007-11-17,382.43,18130
2007-11-24,382.91,18137
2007-12-01,382.9,18144
2007-12-08,383.31,18151
2007-12-15,383.79,18158
2007-12-22,383.9,18165
2007-12-29,384.04,18172
2008-01-05,384.36,18179
2008-01-12,384.41,18186
2008-01-19,385.47,18193
2008-01-26,386.06,18200
2008-02-02,386.19,18207
2008-02-09,385.72,18214
2008-02-16,385.58,18221
2008-02-23,385.24,18228
2008-03-01,384.88,18235
2008-03-08,385.88,18242
2008-03-15,385.64,18249
2008-03-22,386.17,18256
2008-03-29,386.7,18263
2008-04-05,388,18270
2008-04-12,385.9,18277
2008-04-19,386.38,18284
2008-04-26,387.19,18291
2008-05-03,386.94,18298
2008-05-10,388.9,18305
2008-05-17,388.84,18312
2008-05-24,388.53,18319
2008-05-31,388.48,18326
2008-06-07,388.16,18333
2008-06-14,387.79,18340
2008-06-21,387.54,18347
2008-06-28,388.11,18354
2008-07-05,387.08,18361
2008-07-12,386.11,18368
2008-07-19,385.73,18375
2008-07-26,385.96,18382
2008-08-02,384.91,18389
2008-08-09,384.68,18396
2008-08-16,383.89,18403
2008-08-23,383.55,18410
2008-08-30,383.16,18417
2008-09-06,383.18,18424
2008-09-13,383.37,18431
2008-09-20,382.98,18438
2008-09-27,382.92,18445
2008-10-04,382.66,18452
2008-10-11,382.72,18459
2008-10-18,382.96,18466
2008-10-25,382.94,18473
2008-11-01,383.61,18480
2008-11-08,383.6,18487
2008-11-15,384.03,18494
2008-11-22,384.32,18501
2008-11-29,384.46,18508
2008-12-06,384.77,18515
2008-12-13,384.89,18522
2008-12-20,385.15,18529
2008-12-27,385.8,18536
2009-01-03,386.01,18543
2009-01-10,386.53,18550
2009-01-17,386.64,18557
2009-01-24,387.05,18564
2009-01-31,387.26,18571
2009-02-07,386.51,18578
2009-02-14,387.44,18585
2009-02-21,387.4,18592
2009-02-28,387.48,18599
2009-03-07,388.54,18606
2009-03-14,388.64,18613
2009-03-21,388.44,18620
2009-03-28,389.17,18627
2009-04-04,389.39,18634
2009-04-11,389.74,18641
2009-04-18,388.67,18648
2009-04-25,390.37,18655
2009-05-02,390.16,18662
2009-05-09,389.87,18669
2009-05-16,390.3,18676
2009-05-23,390.76,18683
2009-05-30,389.35,18690
2009-06-06,390.46,18697
2009-06-13,390.01,18704
2009-06-20,388.88,18711
2009-06-27,388.72,18718
2009-07-04,388.3,18725
2009-07-11,388.68,18732
2009-07-18,388.03,18739
2009-07-25,387.48,18746
2009-08-01,387.16,18753
2009-08-08,386.67,18760
2009-08-15,385.27,18767
2009-08-22,386.05,18774
2009-08-29,385.65,18781
2009-09-05,385.3,18788
2009-09-12,384.48,18795
2009-09-19,384.61,18802
2009-09-26,384.51,18809
2009-10-03,383.43,18816
2009-10-10,384.28,18823
2009-10-17,384.55,18830
2009-10-24,384.79,18837
2009-10-31,385.18,18844
2009-11-07,385.6,18851
2009-11-14,386.09,18858
2009-11-21,386.31,18865
2009-11-28,386.73,18872
2009-12-05,386.91,18879
2009-12-12,386.81,18886
2009-12-19,388.04,18893
2009-12-26,388.19,18900
2010-01-02,388.41,18907
2010-01-09,388.17,18914
2010-01-16,388.69,18921
2010-01-23,388.59,18928
2010-01-30,389.04,18935
2010-02-06,390.91,18942
2010-02-13,389.78,18949
2010-02-20,390.84,18956
2010-02-27,389.38,18963
2010-03-06,391.07,18970
2010-03-13,391.37,18977
2010-03-20,391.55,18984
2010-03-27,390.08,18991
2010-04-03,391.15,18998
2010-04-10,391.6,19005
2010-04-17,393.27,19012
2010-04-24,393.27,19019
2010-05-01,392.99,19026
2010-05-08,392.97,19033
2010-05-15,393.13,19040
2010-05-22,393.55,19047
2010-05-29,393.02,19054
2010-06-05,393.08,19061
2010-06-12,392.35,19068
2010-06-19,391.73,19075
2010-06-26,391.46,19082
2010-07-03,391.01,19089
2010-07-10,390.2,19096
2010-07-17,389.91,19103
2010-07-24,390.12,19110
2010-07-31,389.49,19117
2010-08-07,389.06,19124
2010-08-14,388.76,19131
2010-08-21,388.12,19138
2010-08-28,387.42,19145
2010-09-04,386.91,19152
2010-09-11,386.85,19159
2010-09-18,386.97,19166
2010-09-25,386.87,19173
2010-10-02,386.75,19180
2010-10-09,386.98,19187
2010-10-16,387.03,19194
2010-10-23,387.8,19201
2010-10-30,387.78,19208
2010-11-06,387.95,19215
2010-11-13,388.27,19222
2010-11-20,389.11,19229
2010-11-27,389.59,19236
2010-12-04,389.88,19243
2010-12-11,389.75,19250
2010-12-18,389.58,19257
2010-12-25,389.96,19264
2011-01-01,390.5,19271
2011-01-08,391.61,19278
2011-01-15,391.06,19285
2011-01-22,391.25,19292
2011-01-29,392,19299
2011-02-05,391.89,19306
2011-02-12,391.52,19313
2011-02-19,391.82,19320
2011-02-26,392.5,19327
2011-03-05,391.59,19334
2011-03-12,391.94,19341
2011-03-19,392.43,19348
2011-03-26,394.11,19355
2011-04-02,393.4,19362
2011-04-09,392.71,19369
2011-04-16,393.73,19376
2011-04-23,393.22,19383
2011-04-30,393.59,19390
2011-05-07,393.36,19397
2011-05-14,393.84,19404
2011-05-21,395.12,19411
2011-05-28,394.49,19418
2011-06-04,394.08,19425
2011-06-11,393.42,19432
2011-06-18,393.92,19439
2011-06-25,393.37,19446
2011-07-02,393.31,19453
2011-07-09,393.61,19460
2011-07-16,392.64,19467
2011-07-23,391.13,19474
2011-07-30,391.77,19481
2011-08-06,390.76,19488
2011-08-13,390.53,19495
2011-08-20,389.82,19502
2011-08-27,389.41,19509
2011-09-03,389.23,19516
2011-09-10,389.17,19523
2011-09-17,389.15,19530
2011-09-24,388.86,19537
2011-10-01,388.91,19544
2011-10-08,388.74,19551
2011-10-15,388.91,19558
2011-10-22,389.09,19565
2011-10-29,389.45,19572
2011-11-05,389.64,19579
2011-11-12,390.24,19586
2011-11-19,390.44,19593
2011-11-26,390.77,19600
2011-12-03,391.08,19607
2011-12-10,391.7,19614
2011-12-17,392.24,19621
2011-12-24,392.09,19628
2011-12-31,392.26,19635
2012-01-07,392.92,19642
2012-01-14,393.61,19649
2012-01-21,393.04,19656
2012-01-28,393.03,19663
2012-02-04,392.43,19670
2012-02-11,393.45,19677
2012-02-18,393.97,19684
2012-02-25,393.62,19691
2012-03-03,394.17,19698
2012-03-10,393.38,19705
2012-03-17,394.79,19712
2012-03-24,395.15,19719
2012-03-31,394.91,19726
2012-04-07,396.45,19733
2012-04-14,396.38,19740
2012-04-21,396.56,19747
2012-04-28,396.7,19754
2012-05-05,397.08,19761
2012-05-12,397.28,19768
2012-05-19,396.56,19775
2012-05-26,396.28,19782
2012-06-02,396.03,19789
2012-06-09,396.02,19796
2012-06-16,395.86,19803
2012-06-23,395.73,19810
2012-06-30,395.41,19817
2012-07-07,394.86,19824
2012-07-14,394.59,19831
2012-07-21,394.35,19838
2012-07-28,393.6,19845
2012-08-04,393.39,19852
2012-08-11,392.93,19859
2012-08-18,392.31,19866
2012-08-25,391.7,19873
2012-09-01,391.98,19880
2012-09-08,391,19887
2012-09-15,391.03,19894
2012-09-22,391.02,19901
2012-09-29,390.99,19908
2012-10-20,391.29,19929
2012-10-27,391.46,19936
2012-11-03,391.76,19943
2012-11-10,392.77,19950
2012-11-17,393.42,19957
2012-11-24,393.36,19964
2012-12-01,393.61,19971
2012-12-08,394.05,19978
2012-12-15,394.46,19985
2012-12-22,394.83,19992
2012-12-29,394.62,19999
2013-01-05,394.99,20006
2013-01-12,395.57,20013
2013-01-19,396.21,20020
2013-01-26,395.64,20027
2013-02-02,396.39,20034
2013-02-09,396.46,20041
2013-02-16,397.31,20048
2013-02-23,396.88,20055
2013-03-02,397.13,20062
2013-03-09,396.64,20069
2013-03-16,397.25,20076
2013-03-23,397.21,20083
2013-03-30,398.39,20090
2013-04-06,398.05,20097
2013-04-13,397.43,20104
2013-04-20,398.76,20111
2013-04-27,399.33,20118
2013-05-04,399.64,20125
2013-05-11,399.78,20132
2013-05-18,400.04,20139
2013-05-25,400.22,20146
2013-06-01,399.43,20153
2013-06-08,398.91,20160
2013-06-15,398.58,20167
2013-06-22,398.5,20174
2013-06-29,398.65,20181
2013-07-06,397.56,20188
2013-07-13,397.48,20195
2013-07-20,396.83,20202
2013-07-27,396.98,20209
2013-08-03,396.61,20216
2013-08-10,395.55,20223
2013-08-17,395.24,20230
2013-08-24,394.73,20237
2013-08-31,394.33,20244
2013-09-07,393.52,20251
2013-09-14,393.25,20258
2013-09-21,393.53,20265
2013-09-28,393.22,20272
2013-10-05,393.47,20279
2013-10-12,393.52,20286
2013-10-19,393.93,20293
2013-10-26,394.13,20300
2013-11-02,394.39,20307
2013-11-09,395.25,20314
2013-11-16,394.85,20321
2013-11-23,395.66,20328
2013-11-30,396.06,20335
2013-12-07,396.27,20342
2013-12-14,396.52,20349
2013-12-21,397.3,20356
2013-12-28,397.59,20363
2014-01-04,397.9,20370
2014-01-11,397.82,20377
2014-01-18,398.13,20384
2014-01-25,397.75,20391
2014-02-01,398.02,20398
2014-02-08,397.98,20405
2014-02-15,397.79,20412
2014-02-22,398.24,20419
2014-03-01,397.92,20426
2014-03-08,398.88,20433
2014-03-15,400.68,20440
2014-03-22,399.62,20447
2014-03-29,400.34,20454
2014-04-05,401.32,20461
2014-04-12,401.22,20468
2014-04-19,401.29,20475
2014-04-26,401.42,20482
2014-05-03,401.74,20489
2014-05-10,401.51,20496
2014-05-17,402.18,20503
2014-05-24,401.44,20510
2014-05-31,402.12,20517
2014-06-07,401.55,20524
2014-06-14,401.31,20531
2014-06-21,401.21,20538
2014-06-28,400.57,20545
2014-07-05,400.06,20552
2014-07-12,399.58,20559
2014-07-19,398.54,20566
2014-07-26,397.86,20573
2014-08-02,397.86,20580
2014-08-09,397.45,20587
2014-08-16,397.23,20594
2014-08-23,396.75,20601
2014-08-30,396.37,20608
2014-09-06,396.35,20615
2014-09-13,394.8,20622
2014-09-20,395.32,20629
2014-09-27,395.55,20636
2014-10-04,395.57,20643
2014-10-11,395.49,20650
2014-10-18,395.72,20657
2014-10-25,395.91,20664
2014-11-01,396.52,20671
2014-11-08,396.9,20678
2014-11-15,397.34,20685
2014-11-22,397.24,20692
2014-11-29,398.1,20699
2014-12-06,398.26,20706
2014-12-13,398.92,20713
2014-12-20,399.09,20720
2014-12-27,399.01,20727
2015-01-03,399.92,20734
2015-01-10,399.86,20741
2015-01-17,399.72,20748
2015-01-24,399.98,20755
2015-01-31,400.2,20762
2015-02-07,400.02,20769
2015-02-14,400.15,20776
2015-02-21,400.36,20783
2015-02-28,401.03,20790
2015-03-07,401.63,20797
2015-03-14,401.8,20804
2015-03-21,400.79,20811
2015-03-28,402.5,20818
2015-04-04,402.74,20825
2015-04-11,403.88,20832
2015-04-18,403.8,20839
2015-04-25,403.22,20846
2015-05-02,404.07,20853
2015-05-09,404.09,20860
2015-05-16,404.31,20867
2015-05-23,403.85,20874
2015-05-30,403.81,20881
2015-06-06,403.45,20888
2015-06-13,402.72,20895
2015-06-20,402.63,20902
2015-06-27,402.36,20909
2015-07-04,402.25,20916
2015-07-11,401.71,20923
2015-07-18,401.02,20930
2015-07-25,401.3,20937
2015-08-01,398.74,20944
2015-08-08,399.21,20951
2015-08-15,399.12,20958
2015-08-22,399.03,20965
2015-08-29,398.8,20972
2015-09-05,398.16,20979
2015-09-12,397.1,20986
2015-09-19,397.57,20993
2015-09-26,397.42,21000
2015-10-03,397.74,21007
2015-10-10,398.51,21014
2015-10-17,398.61,21021
2015-10-24,398.43,21028
2015-10-31,398.87,21035
2015-11-07,399.53,21042
2015-11-14,400.75,21049
2015-11-21,400.42,21056
2015-11-28,400.83,21063
2015-12-05,400.91,21070
2015-12-12,402.4,21077
2015-12-19,402.32,21084
2015-12-26,402.01,21091
2016-01-02,402.25,21098
2016-01-09,402.23,21105
2016-01-16,402.68,21112
2016-01-23,403.26,21119
2016-01-30,402.79,21126
2016-02-06,404.98,21133
2016-02-13,403.22,21140
2016-02-20,404.59,21147
2016-02-27,403.98,21154
2016-03-05,403.99,21161
2016-03-12,404.51,21168
2016-03-19,405.01,21175
2016-03-26,406.16,21182
2016-04-02,405.7,21189
2016-04-09,408.56,21196
2016-04-16,408.16,21203
2016-04-23,407.7,21210
2016-04-30,407.84,21217
2016-05-07,407.51,21224
2016-05-14,407.54,21231
2016-05-21,407.41,21238
2016-05-28,407.92,21245
2016-06-04,407.52,21252
2016-06-11,406.99,21259
2016-06-18,407.02,21266
2016-06-25,406.4,21273
2016-07-02,405.96,21280
2016-07-09,404.93,21287
2016-07-16,403.64,21294
2016-07-23,403.71,21301
2016-07-30,403.76,21308
2016-08-06,403.22,21315
2016-08-13,402.11,21322
2016-08-20,401.78,21329
2016-08-27,401.43,21336
2016-09-03,401.27,21343
2016-09-10,401.13,21350
2016-09-17,401.25,21357
2016-09-24,400.85,21364
2016-10-01,400.82,21371
2016-10-08,401.2,21378
2016-10-15,401.7,21385
2016-10-22,401.82,21392
2016-10-29,402.38,21399
2016-11-05,403.15,21406
2016-11-12,403.12,21413
2016-11-19,403.95,21420
2016-11-26,404.44,21427
2016-12-03,404.16,21434
2016-12-10,404.28,21441
2016-12-17,404.63,21448
2016-12-24,404.66,21455
2016-12-31,405.38,21462
2017-01-07,405.94,21469
2017-01-14,405.91,21476
2017-01-21,406.37,21483
2017-01-28,406.35,21490
2017-02-04,406.2,21497
2017-02-11,406.02,21504
2017-02-18,406.17,21511
2017-02-25,408.07,21518
2017-03-04,407.06,21525
2017-03-11,406.53,21532
2017-03-18,406.73,21539
2017-03-25,407.89,21546
2017-04-01,408.66,21553
2017-04-08,407.19,21560
2017-04-15,409.12,21567
2017-04-22,409.89,21574
2017-04-29,409.04,21581
2017-05-06,409.54,21588
2017-05-13,409.83,21595
2017-05-20,410.18,21602
2017-05-27,409.88,21609
2017-06-03,409.67,21616
2017-06-10,409.62,21623
2017-06-17,408.82,21630
2017-06-24,408.43,21637
2017-07-01,407.77,21644
2017-07-08,407.68,21651
2017-07-15,407.11,21658
2017-07-22,406.76,21665
2017-07-29,406.5,21672
2017-08-05,405.93,21679
2017-08-12,405.55,21686
2017-08-19,404.81,21693
2017-08-26,404.54,21700
2017-09-02,404.1,21707
2017-09-09,403.39,21714
2017-09-16,403.44,21721
2017-09-23,402.95,21728
2017-09-30,402.73,21735
2017-10-07,403.19,21742
2017-10-14,403.6,21749
2017-10-21,404.05,21756
2017-10-28,404.25,21763
2017-11-04,404.28,21770
2017-11-11,404.51,21777
2017-11-18,405.53,21784
2017-11-25,406.36,21791